id,date,temperature,pressure,pattern,wind_speed,wind_degree
1,2015-01-01,20.12,0,0,1.7,0
2,2015-01-02,26.24,0,0,3,0
3,2015-01-03,20.48,0,0,7.5,0
4,2015-01-04,12.2,0,0,3.6,0
5,2015-01-05,32.18,0,0,9.5,0
6,2015-01-06,38.66,0,0,9.1,0
7,2015-01-07,21.38,0,0,5.7,0
8,2015-01-08,44.6,0,0,15.9,0
9,2015-01-09,22.46,0,0,3.3,0
10,2015-01-10,35.24,0,0,3.3,0
11,2015-01-11,35.24,0,0,4.5,0
12,2015-01-12,24.8,0,0,4.7,0
13,2015-01-13,28.94,0,0,0.7,0
14,2015-01-14,32.72,0,0,0.9,0
15,2015-01-15,37.76,0,0,3.4,0
16,2015-01-16,0,0,0,0,0
17,2015-01-17,46.22,0,0,19.4,0
18,2015-01-18,52.88,0,0,18.1,0
19,2015-01-19,48.56,0,0,12.1,0
20,2015-01-20,35.6,0,0,4.7,0
21,2015-01-21,28.4,0,0,4.1,0
22,2015-01-22,27.14,0,0,3.8,0
23,2015-01-23,35.96,0,0,4.5,0
24,2015-01-24,44.6,0,0,19.9,0
25,2015-01-25,45.5,0,0,10.3,0
26,2015-01-26,54.5,0,0,6.3,0
27,2015-01-27,56.48,0,0,4.8,0
28,2015-01-28,51.8,0,0,16.4,0
29,2015-01-29,39.92,0,0,4.7,0
30,2015-01-30,39.38,0,0,1.3,0
31,2015-01-31,35.24,0,0,2.9,0
32,2015-02-01,25.16,0,0,3.1,0
33,2015-02-02,34.16,0,0,7.1,0
34,2015-02-03,50.18,0,0,10.1,0
35,2015-02-04,31.46,0,0,7.2,0
36,2015-02-05,45.5,0,0,10.3,0
37,2015-02-06,55.94,0,0,9.9,0
38,2015-02-07,59.54,0,0,18.9,0
39,2015-02-08,56.66,0,0,21.5,0
40,2015-02-09,50.9,0,0,9.8,0
41,2015-02-10,50.9,0,0,12.7,0
42,2015-02-11,41,0,0,6.8,0
43,2015-02-12,42.8,0,0,5.2,0
44,2015-02-13,48.38,0,0,4.1,0
45,2015-02-14,46.22,0,0,5,0
46,2015-02-15,0,0,0,0,0
47,2015-02-16,0,0,0,0,0
48,2015-02-17,26.78,0,0,6.9,0
49,2015-02-18,31.46,0,0,3.9,0
50,2015-02-19,43.52,0,0,10.4,0
51,2015-02-20,40.28,0,0,11.4,0
52,2015-02-21,27.86,0,0,10.4,0
53,2015-02-22,13.1,0,0,5.7,0
54,2015-02-23,13.82,0,0,1.9,0
55,2015-02-24,30.2,0,0,3.6,0
56,2015-02-25,36.5,0,0,14.8,0
57,2015-02-26,16.7,0,0,6.4,0
58,2015-02-27,0,0,0,0,0
59,2015-02-28,16.7,0,0,3.6,0
60,2015-03-01,23,0,0,1.5,0
61,2015-03-02,27.14,0,0,3.7,0
62,2015-03-03,27.86,0,0,11.3,0
63,2015-03-04,0,0,0,0,0
64,2015-03-05,20.66,0,0,3.3,0
65,2015-03-06,35.6,0,0,4.9,0
66,2015-03-07,40.1,0,0,5.2,0
67,2015-03-08,0,0,0,0,0
68,2015-03-09,44.42,0,0,5.7,0
69,2015-03-10,47.66,0,0,4.4,0
70,2015-03-11,49.82,0,0,3.3,0
71,2015-03-12,53.6,0,0,6.8,0
72,2015-03-13,50.54,0,0,6.9,0
73,2015-03-14,52.52,0,0,6,0
74,2015-03-15,63.14,0,0,6.9,0
75,2015-03-16,61.88,0,0,9.6,0
76,2015-03-17,44.24,0,0,6.6,0
77,2015-03-18,47.48,0,0,2.6,0
78,2015-03-19,44.24,0,0,6.1,0
79,2015-03-20,49.64,0,0,6.2,0
80,2015-03-21,55.22,0,0,5.3,0
81,2015-03-22,58.64,0,0,9.7,0
82,2015-03-23,51.44,0,0,10.2,0
83,2015-03-24,51.62,0,0,13.8,0
84,2015-03-25,39.74,0,0,5.9,0
85,2015-03-26,46.4,0,0,12.1,0
86,2015-03-27,0,0,0,0,0
87,2015-03-28,63.14,0,0,12.8,0
88,2015-03-29,55.04,0,0,12.4,153
89,2015-03-30,57.02,0,0,10.5,0
90,2015-03-31,61.16,0,0,7.1,0
91,2015-04-01,59.36,0,0,13.1,0
92,2015-04-02,37.4,0,0,9.9,0
93,2015-04-03,36.32,0,0,4.9,0
94,2015-04-04,44.78,0,0,3.1,0
95,2015-04-05,54.5,0,0,5.8,0
96,2015-04-06,58.46,0,0,7,0
97,2015-04-07,50.54,0,0,6.2,0
98,2015-04-08,49.28,0,0,6.9,0
99,2015-04-09,43.88,0,0,8.3,0
100,2015-04-10,47.3,0,0,5.6,0
101,2015-04-11,55.94,0,0,8.1,0
102,2015-04-12,57.56,0,0,16.7,0
103,2015-04-13,50.72,0,0,4.7,0
104,2015-04-14,58.1,0,0,6.4,0
105,2015-04-15,49.28,0,0,12.3,0
106,2015-04-16,35.24,0,0,2.8,0
107,2015-04-17,40.28,0,0,11.8,0
108,2015-04-18,42.8,0,0,5.9,0
109,2015-04-19,42.98,0,0,8.1,0
110,2015-04-20,43.16,0,0,6,0
111,2015-04-21,50.72,0,0,5.5,0
112,2015-04-22,52.7,0,0,8.5,0
113,2015-04-23,57.56,0,0,9.1,0
114,2015-04-24,53.96,0,0,8.5,0
115,2015-04-25,53.42,0,0,5.9,0
116,2015-04-26,43.34,0,0,6.4,0
117,2015-04-27,42.08,0,0,5.3,0
118,2015-04-28,49.64,0,0,4,0
119,2015-04-29,57.56,0,0,4.8,0
120,2015-04-30,63.86,0,0,8.2,0
121,2015-05-01,54.68,0,0,5.5,0
122,2015-05-02,60.62,0,0,7.2,0
123,2015-05-03,62.06,0,0,8.1,0
124,2015-05-04,51.44,0,0,5,0
125,2015-05-05,50.18,0,0,7,0
126,2015-05-06,53.78,0,0,4.6,0
127,2015-05-07,49.1,0,0,5.8,0
128,2015-05-08,45.68,0,0,6.7,0
129,2015-05-09,42.08,0,0,11.6,0
130,2015-05-10,37.22,0,0,7,0
131,2015-05-11,44.96,0,0,7.4,0
132,2015-05-12,50.9,0,0,4.9,0
133,2015-05-13,54.32,0,0,6.5,0
134,2015-05-14,57.02,0,0,6.4,0
135,2015-05-15,0,0,0,0,0
136,2015-05-16,52.16,0,0,7.5,0
137,2015-05-17,56.12,0,0,8.9,0
138,2015-05-18,45.68,0,0,4.8,0
139,2015-05-19,43.7,0,0,9.2,0
140,2015-05-20,39.38,0,0,4.9,0
141,2015-05-21,45.86,0,0,2.6,0
142,2015-05-22,49.1,0,0,4.4,0
143,2015-05-23,49.82,0,0,5.6,0
144,2015-05-24,49.28,0,0,3.8,0
145,2015-05-25,51.8,0,0,5.8,0
146,2015-05-26,56.3,0,0,5.1,0
147,2015-05-27,62.24,0,0,5.2,0
148,2015-05-28,61.7,0,0,8.1,0
149,2015-05-29,0,0,0,0,0
150,2015-05-30,59.18,0,0,4.9,0
151,2015-05-31,68.36,0,0,8.1,0
152,2015-06-01,68,0,0,7.5,0
153,2015-06-02,70.34,0,0,5.5,0
154,2015-06-03,64.4,0,0,6.1,0
155,2015-06-04,65.48,0,0,4.4,0
156,2015-06-05,61.52,0,0,5.8,0
157,2015-06-06,62.6,0,0,6.2,0
158,2015-06-07,64.04,0,0,7.7,0
159,2015-06-08,67.64,0,0,3.5,0
160,2015-06-09,73.04,0,0,7.6,0
161,2015-06-10,66.92,0,0,3.1,0
162,2015-06-11,62.24,0,0,7.3,0
163,2015-06-12,62.06,0,0,2.6,0
164,2015-06-13,68,0,0,7.5,0
165,2015-06-14,70.52,0,0,4.2,0
166,2015-06-15,63.32,0,0,3.3,0
167,2015-06-16,0,0,0,0,0
168,2015-06-17,0,0,0,0,0
169,2015-06-18,69.44,0,0,5.6,0
170,2015-06-19,76.1,0,0,3.9,0
171,2015-06-20,0,0,0,0,0
172,2015-06-21,76.46,0,0,3.6,0
173,2015-06-22,71.78,0,0,7,0
174,2015-06-23,72.14,0,0,5.4,0
175,2015-06-24,72.86,0,0,9.4,0
176,2015-06-25,71.24,0,0,8.2,0
177,2015-06-26,0,0,0,0,0
178,2015-06-27,71.96,0,0,2.6,0
179,2015-06-28,0,0,0,0,0
180,2015-06-29,74.3,0,0,4.1,0
181,2015-06-30,76.46,0,0,7.2,0
182,2015-07-01,74.12,0,0,3.9,0
183,2015-07-02,68.72,0,0,6.5,0
184,2015-07-03,69.98,0,0,3.3,0
185,2015-07-04,74.48,0,0,9.2,0
186,2015-07-05,74.12,0,0,7.7,0
187,2015-07-06,60.8,0,0,3.5,0
188,2015-07-07,61.34,0,0,1.7,0
189,2015-07-08,60.08,0,0,4.2,0
190,2015-07-09,62.42,0,0,6,0
191,2015-07-10,71.78,0,0,9.4,0
192,2015-07-11,70.88,0,0,5.9,0
193,2015-07-12,75.92,0,0,6,0
194,2015-07-13,71.96,0,0,8.3,0
195,2015-07-14,69.98,0,0,6.2,0
196,2015-07-15,69.62,0,0,4.3,0
197,2015-07-16,71.6,0,0,8.2,0
198,2015-07-17,76.64,0,0,11.1,0
199,2015-07-18,69.26,0,0,5.2,0
200,2015-07-19,67.28,0,0,4.8,0
201,2015-07-20,71.96,0,0,7.7,0
202,2015-07-21,66.92,0,0,8,0
203,2015-07-22,72.5,0,0,6.2,0
204,2015-07-23,78.26,0,0,9,0
205,2015-07-24,75.2,0,0,7.2,0
206,2015-07-25,78.44,0,0,3.9,0
207,2015-07-26,74.84,0,0,6.1,0
208,2015-07-27,76.64,0,0,6.6,0
209,2015-07-28,73.4,0,0,10.9,0
210,2015-07-29,70.7,0,0,6.6,0
211,2015-07-30,74.3,0,0,5.3,0
212,2015-07-31,0,0,0,0,0
213,2015-08-01,75.74,0,0,3.6,0
214,2015-08-02,75.56,0,0,7,0
215,2015-08-03,74.12,0,0,5.5,0
216,2015-08-04,73.22,0,0,11.5,0
217,2015-08-05,0,0,0,0,0
218,2015-08-06,0,0,0,0,0
219,2015-08-07,73.76,0,0,6.4,0
220,2015-08-08,72.68,0,0,5.6,0
221,2015-08-09,74.66,0,0,5.7,0
222,2015-08-10,71.42,0,0,6.5,0
223,2015-08-11,71.06,0,0,8.1,0
224,2015-08-12,76.28,0,0,4.2,0
225,2015-08-13,0,0,0,0,0
226,2015-08-14,78.26,0,0,6.4,0
227,2015-08-15,77.72,0,0,5.3,0
228,2015-08-16,73.94,0,0,8.3,0
229,2015-08-17,67.46,0,0,6.3,0
230,2015-08-18,61.88,0,0,8.4,0
231,2015-08-19,58.1,0,0,5.6,0
232,2015-08-20,68.72,0,0,5.9,0
233,2015-08-21,74.66,0,0,11,0
234,2015-08-22,75.02,0,0,11.1,0
235,2015-08-23,0,0,0,0,0
236,2015-08-24,70.34,0,0,2.4,0
237,2015-08-25,77.36,0,0,5.1,0
238,2015-08-26,75.2,0,0,4.7,0
239,2015-08-27,72.86,0,0,9.7,0
240,2015-08-28,72.32,0,0,6.7,0
241,2015-08-29,74.12,0,0,5.3,0
242,2015-08-30,77.54,0,0,6.7,0
243,2015-08-31,73.04,0,0,6.1,0
244,2015-09-01,71.6,0,0,6.2,0
245,2015-09-02,77.9,0,0,7.4,0
246,2015-09-03,69.8,0,0,6.2,0
247,2015-09-04,68.54,0,0,4.6,0
248,2015-09-05,73.94,0,0,5.6,0
249,2015-09-06,73.04,0,0,5.9,0
250,2015-09-07,68.18,0,0,10.9,0
251,2015-09-08,69.62,0,0,9.4,0
252,2015-09-09,70.52,0,0,5.6,0
253,2015-09-10,70.16,0,0,8.2,0
254,2015-09-11,62.78,0,0,5.5,0
255,2015-09-12,68,0,0,3.4,0
256,2015-09-13,75.2,0,0,10.8,0
257,2015-09-14,76.1,0,0,6.7,0
258,2015-09-15,75.92,0,0,17.1,0
259,2015-09-16,72.86,0,0,7.2,0
260,2015-09-17,64.04,0,0,4.8,0
261,2015-09-18,0,0,0,0,0
262,2015-09-19,58.82,0,0,3.8,0
263,2015-09-20,65.3,0,0,5.9,0
264,2015-09-21,69.62,0,0,5.7,0
265,2015-09-22,67.1,0,0,7.1,0
266,2015-09-23,0,0,0,0,0
267,2015-09-24,67.82,0,0,5,0
268,2015-09-25,66.2,0,0,2.5,0
269,2015-09-26,66.2,0,0,2.9,0
270,2015-09-27,73.04,0,0,5.6,0
271,2015-09-28,66.92,0,0,6.3,0
272,2015-09-29,63.68,0,0,6.6,0
273,2015-09-30,64.94,0,0,3.8,0
274,2015-10-01,0,0,0,0,0
275,2015-10-02,0,0,0,0,0
276,2015-10-03,0,0,0,0,0
277,2015-10-04,50.54,0,0,3.6,0
278,2015-10-05,56.3,0,0,1.1,0
279,2015-10-06,54.32,0,0,2.6,0
280,2015-10-07,59.18,0,0,3.8,0
281,2015-10-08,62.6,0,0,8.3,0
282,2015-10-09,58.46,0,0,1,0
283,2015-10-10,64.94,0,0,2.8,0
284,2015-10-11,70.34,0,0,14.8,0
285,2015-10-12,60.44,0,0,6.3,0
286,2015-10-13,66.02,0,0,6.9,0
287,2015-10-14,64.22,0,0,4,0
288,2015-10-15,56.48,0,0,4.8,0
289,2015-10-16,51.62,0,0,2.3,0
290,2015-10-17,58.46,0,0,3.7,0
291,2015-10-18,61.88,0,0,3.8,0
292,2015-10-19,60.62,0,0,4.3,0
293,2015-10-20,57.74,0,0,6.1,0
294,2015-10-21,47.12,0,0,6,0
295,2015-10-22,44.96,0,0,2.2,0
296,2015-10-23,48.2,0,0,3.2,0
297,2015-10-24,48.38,0,0,4.3,0
298,2015-10-25,52.16,0,0,4.4,0
299,2015-10-26,53.6,0,0,4.1,0
300,2015-10-27,49.28,0,0,9.6,0
301,2015-10-28,44.24,0,0,4.7,0
302,2015-10-29,44.24,0,0,3.1,0
303,2015-10-30,43.34,0,0,2.2,0
304,2015-10-31,54.14,0,0,11,0
305,2015-11-01,60.26,0,0,6.7,0
306,2015-11-02,54.32,0,0,4.9,0
307,2015-11-03,0,0,0,0,0
308,2015-11-04,47.66,0,0,8.2,0
309,2015-11-05,39.38,0,0,5.3,0
310,2015-11-06,36.86,0,0,7.2,0
311,2015-11-07,37.94,0,0,1.6,0
312,2015-11-08,45.14,0,0,3.2,0
313,2015-11-09,45.32,0,0,6,0
314,2015-11-10,45.68,0,0,10.9,0
315,2015-11-11,38.84,0,0,12.7,0
316,2015-11-12,39.56,0,0,7.2,0
317,2015-11-13,39.2,0,0,4.1,0
318,2015-11-14,45.86,0,0,3.1,0
319,2015-11-15,47.12,0,0,3.8,0
320,2015-11-16,39.56,0,0,8.2,0
321,2015-11-17,0,0,0,0,0
322,2015-11-18,0,0,0,0,0
323,2015-11-19,34.7,0,0,3.9,0
324,2015-11-20,38.3,0,0,15.5,0
325,2015-11-21,31.46,0,0,10.8,0
326,2015-11-22,0,0,0,0,0
327,2015-11-23,42.98,0,0,4,0
328,2015-11-24,45.86,0,0,4.4,0
329,2015-11-25,34.88,0,0,8.9,0
330,2015-11-26,22.64,0,0,9.3,34
331,2015-11-27,17.06,0,0,3.5,0
332,2015-11-28,19.76,0,0,2.8,0
333,2015-11-29,23.54,0,0,2.2,0
334,2015-11-30,26.78,0,0,3.7,0
335,2015-12-01,35.6,0,0,13.8,259
336,2015-12-02,35.06,0,0,3.1,0
337,2015-12-03,38.12,0,0,6,0
338,2015-12-04,37.04,0,0,3.2,0
339,2015-12-05,38.3,0,0,6.5,0
340,2015-12-06,39.56,0,0,6.9,0
341,2015-12-07,48.92,0,0,7.2,0
342,2015-12-08,52.88,0,0,24.4,0
343,2015-12-09,0,0,0,0,0
344,2015-12-10,53.6,0,0,15.2,0
345,2015-12-11,44.96,0,0,13.6,0
346,2015-12-12,31.64,0,0,5.1,0
347,2015-12-13,30.74,0,0,2,0
348,2015-12-14,32.54,0,0,4.8,0
349,2015-12-15,24.62,0,0,11.4,0
350,2015-12-16,25.52,0,0,4.8,0
351,2015-12-17,17.06,0,0,4.8,0
352,2015-12-18,0,0,0,0,0
353,2015-12-19,34.34,0,0,3.8,0
354,2015-12-20,36.32,0,0,7.7,0
355,2015-12-21,34.7,0,0,7.1,0
356,2015-12-22,40.46,0,0,15.3,0
357,2015-12-23,0,0,0,0,0
358,2015-12-24,30.02,0,0,17.4,0
359,2015-12-25,24.26,0,0,3.5,0
360,2015-12-26,20.48,0,0,5.8,0
361,2015-12-27,15.62,0,0,2.1,0
362,2015-12-28,16.16,0,0,1.8,0
363,2015-12-29,18.32,0,0,4.5,0
364,2015-12-30,17.6,0,0,1.8,0
365,2015-12-31,0,0,0,0,0
366,2016-01-01,21.74,0,0,4,0
367,2016-01-02,30.2,0,0,1.6,0
368,2016-01-03,32.36,0,0,3,0
369,2016-01-04,31.1,0,0,1.5,0
370,2016-01-05,35.6,0,0,2.7,0
371,2016-01-06,34.34,0,0,2.5,0
372,2016-01-07,33.98,0,0,2.7,0
373,2016-01-08,26.78,0,0,6.1,0
374,2016-01-09,0,0,0,0,0
375,2016-01-10,0,0,0,0,0
376,2016-01-11,24.62,0,0,3.7,0
377,2016-01-12,0,0,0,0,0
378,2016-01-13,37.4,0,0,4.2,0
379,2016-01-14,41,0,0,20.7,261
380,2016-01-15,29.84,0,0,5.3,0
381,2016-01-16,27.5,0,0,7.7,0
382,2016-01-17,24.98,0,0,4.3,0
383,2016-01-18,35.42,0,0,9.2,0
384,2016-01-19,36.5,0,0,6.6,0
385,2016-01-20,38.84,0,0,16.2,0
386,2016-01-21,35.6,0,0,8.3,0
387,2016-01-22,34.88,0,0,2.8,0
388,2016-01-23,0,0,0,0,0
389,2016-01-24,36.5,0,0,5,0
390,2016-01-25,32.36,0,0,4.3,0
391,2016-01-26,29.12,0,0,3.3,0
392,2016-01-27,37.4,0,0,4.6,0
393,2016-01-28,43.16,0,0,5.4,0
394,2016-01-29,47.3,0,0,14.3,0
395,2016-01-30,41.54,0,0,9.7,0
396,2016-01-31,30.56,0,0,5.2,0
397,2016-02-01,27.32,0,0,7.9,0
398,2016-02-02,22.82,0,0,9.5,0
399,2016-02-03,21.92,0,0,11.1,0
400,2016-02-04,26.06,0,0,6.3,0
401,2016-02-05,29.48,0,0,5.8,0
402,2016-02-06,35.42,0,0,8.9,0
403,2016-02-07,36.32,0,0,14.3,0
404,2016-02-08,32.36,0,0,4.1,0
405,2016-02-09,41,0,0,4.7,0
406,2016-02-10,0,0,0,0,0
407,2016-02-11,52.52,0,0,15.8,0
408,2016-02-12,40.1,0,0,4.6,0
409,2016-02-13,42.62,0,0,16.5,0
410,2016-02-14,44.06,0,0,17,0
411,2016-02-15,49.64,0,0,19.6,0
412,2016-02-16,46.58,0,0,13.2,0
413,2016-02-17,45.5,0,0,3.9,0
414,2016-02-18,53.42,0,0,18.7,0
415,2016-02-19,51.98,0,0,20.6,0
416,2016-02-20,48.92,0,0,10.7,0
417,2016-02-21,37.94,0,0,10.3,0
418,2016-02-22,35.78,0,0,7,0
419,2016-02-23,33.44,0,0,5.8,0
420,2016-02-24,37.58,0,0,8.1,0
421,2016-02-25,0,0,0,0,0
422,2016-02-26,44.96,0,0,5.5,0
423,2016-02-27,51.44,0,0,9.4,0
424,2016-02-28,51.62,0,0,13.5,0
425,2016-02-29,49.46,0,0,17.4,0
426,2016-03-01,43.52,0,0,8.1,0
427,2016-03-02,52.52,0,0,29.3,281
428,2016-03-03,46.4,0,0,5.3,0
429,2016-03-04,48.74,0,0,6,0
430,2016-03-05,44.78,0,0,2,0
431,2016-03-06,53.42,0,0,13.5,0
432,2016-03-07,44.42,0,0,9.6,0
433,2016-03-08,0,0,0,0,0
434,2016-03-09,0,0,0,0,0
435,2016-03-10,47.48,0,0,4.9,0
436,2016-03-11,53.78,0,0,4.3,0
437,2016-03-12,52.16,0,0,10.3,0
438,2016-03-13,0,0,0,0,0
439,2016-03-14,50.18,0,0,21,0
440,2016-03-15,38.84,0,0,16.9,0
441,2016-03-16,38.48,0,0,17.3,254
442,2016-03-17,32.36,0,0,8,0
443,2016-03-18,25.88,0,0,6.9,0
444,2016-03-19,27.68,0,0,4.3,0
445,2016-03-20,35.96,0,0,5.1,0
446,2016-03-21,54.5,0,0,7.5,0
447,2016-03-22,56.3,0,0,13.4,0
448,2016-03-23,0,0,0,0,0
449,2016-03-24,0,0,0,0,0
450,2016-03-25,38.3,0,0,8.1,0
451,2016-03-26,30.74,0,0,2.9,0
452,2016-03-27,38.84,0,0,7.7,0
453,2016-03-28,43.88,0,0,5.3,0
454,2016-03-29,44.24,0,0,6.3,0
455,2016-03-30,37.58,0,0,9,0
456,2016-03-31,35.24,0,0,7,0
457,2016-04-01,0,0,0,0,0
458,2016-04-02,51.44,0,0,9.2,0
459,2016-04-03,55.76,0,0,11,0
460,2016-04-04,58.64,0,0,7.9,0
461,2016-04-05,52.88,0,0,22,0
462,2016-04-06,56.66,0,0,25.6,261
463,2016-04-07,53.96,0,0,7.6,0
464,2016-04-08,52.16,0,0,4.7,0
465,2016-04-09,55.4,0,0,7.6,0
466,2016-04-10,55.04,0,0,12,0
467,2016-04-11,45.5,0,0,4.3,0
468,2016-04-12,53.6,0,0,7.6,0
469,2016-04-13,59,0,0,6.6,0
470,2016-04-14,61.16,0,0,8,0
471,2016-04-15,46.04,0,0,9.6,0
472,2016-04-16,33.44,0,0,7.4,0
473,2016-04-17,33.8,0,0,4,0
474,2016-04-18,37.58,0,0,4.4,0
475,2016-04-19,0,0,0,0,0
476,2016-04-20,45.68,0,0,5.7,0
477,2016-04-21,53.6,0,0,8.2,172
478,2016-04-22,59.18,0,0,5.7,0
479,2016-04-23,59.54,0,0,12.2,0
480,2016-04-24,55.76,0,0,10.8,0
481,2016-04-25,54.5,0,0,8.1,0
482,2016-04-26,42.8,0,0,10.1,0
483,2016-04-27,42.44,0,0,7.8,0
484,2016-04-28,36.68,0,0,6.9,0
485,2016-04-29,34.16,0,0,3.6,0
486,2016-04-30,35.42,0,0,14.8,0
487,2016-05-01,37.22,0,0,5.4,0
488,2016-05-02,45.5,0,0,4.2,0
489,2016-05-03,54.5,0,0,7.7,0
490,2016-05-04,60.44,0,0,5.2,0
491,2016-05-05,64.4,0,0,5.1,0
492,2016-05-06,62.96,0,0,6.6,0
493,2016-05-07,49.64,0,0,12.8,0
494,2016-05-08,47.12,0,0,5.9,0
495,2016-05-09,54.5,0,0,8.7,0
496,2016-05-10,56.12,0,0,10.7,0
497,2016-05-11,51.44,0,0,6.6,0
498,2016-05-12,54.86,0,0,4.7,0
499,2016-05-13,59,0,0,11.6,0
500,2016-05-14,43.7,0,0,9.1,15
501,2016-05-15,44.96,0,0,6.5,0
502,2016-05-16,42.8,0,0,8.2,0
503,2016-05-17,41.54,0,0,2,0
504,2016-05-18,51.98,0,0,3.8,0
505,2016-05-19,59.54,0,0,5.1,0
506,2016-05-20,64.58,0,0,7.7,0
507,2016-05-21,63.86,0,0,4.7,0
508,2016-05-22,61.52,0,0,8.6,0
509,2016-05-23,0,0,0,0,0
510,2016-05-24,58.46,0,0,5.5,0
511,2016-05-25,59.54,0,0,7.4,0
512,2016-05-26,55.04,0,0,8.1,0
513,2016-05-27,0,0,0,0,0
514,2016-05-28,57.56,0,0,7.1,0
515,2016-05-29,61.34,0,0,4.6,0
516,2016-05-30,61.7,0,0,7.9,0
517,2016-05-31,57.2,0,0,7,0
518,2016-06-01,60.44,0,0,5.9,0
519,2016-06-02,66.74,0,0,5.3,0
520,2016-06-03,70.16,0,0,7,0
521,2016-06-04,67.64,0,0,2.9,0
522,2016-06-05,68.36,0,0,4.1,0
523,2016-06-06,68.9,0,0,5.9,0
524,2016-06-07,0,0,0,0,0
525,2016-06-08,69.8,0,0,6.2,0
526,2016-06-09,74.66,0,0,8.8,0
527,2016-06-10,77,0,0,5.4,0
528,2016-06-11,0,0,0,0,0
529,2016-06-12,71.6,0,0,7.7,0
530,2016-06-13,64.04,0,0,5.6,0
531,2016-06-14,69.62,0,0,11.1,0
532,2016-06-15,0,0,0,0,0
533,2016-06-16,77.54,0,0,7.1,0
534,2016-06-17,76.64,0,0,6,0
535,2016-06-18,75.74,0,0,5,0
536,2016-06-19,79.88,0,0,5.4,0
537,2016-06-20,70.88,0,0,6.7,0
538,2016-06-21,78.8,0,0,5,0
539,2016-06-22,73.4,0,0,9.1,0
540,2016-06-23,0,0,0,0,0
541,2016-06-24,0,0,0,0,0
542,2016-06-25,73.94,0,0,6.5,0
543,2016-06-26,74.48,0,0,5.1,0
544,2016-06-27,76.64,0,0,7,0
545,2016-06-28,72.5,0,0,6,0
546,2016-06-29,69.26,0,0,5.6,0
547,2016-06-30,66.74,0,0,6.9,0
548,2016-07-01,0,0,0,0,0
549,2016-07-02,68.36,0,0,3.8,0
550,2016-07-03,72.5,0,0,5.6,0
551,2016-07-04,79.7,0,0,8.5,0
552,2016-07-05,77,0,0,8.3,0
553,2016-07-06,78.08,0,0,8.6,0
554,2016-07-07,75.74,0,0,7.1,0
555,2016-07-08,74.12,0,0,6.8,0
556,2016-07-09,78.62,0,0,5.6,0
557,2016-07-10,83.84,0,0,7.9,0
558,2016-07-11,76.64,0,0,13.2,0
559,2016-07-12,75.56,0,0,6.5,0
560,2016-07-13,0,0,0,0,0
561,2016-07-14,71.78,0,0,6.2,0
562,2016-07-15,70.16,0,0,7.6,0
563,2016-07-16,72.32,0,0,4.3,0
564,2016-07-17,76.82,0,0,7.6,0
565,2016-07-18,71.78,0,0,5.6,0
566,2016-07-19,73.76,0,0,6.3,0
567,2016-07-20,77.36,0,0,9.1,0
568,2016-07-21,79.7,0,0,6.7,0
569,2016-07-22,81.5,0,0,7.3,0
570,2016-07-23,80.42,0,0,7,0
571,2016-07-24,73.94,0,0,6.6,0
572,2016-07-25,73.04,0,0,5.6,0
573,2016-07-26,76.64,0,0,8.1,0
574,2016-07-27,75.2,0,0,7,0
575,2016-07-28,71.96,0,0,7.7,0
576,2016-07-29,0,0,0,0,0
577,2016-07-30,74.12,0,0,4.5,0
578,2016-07-31,75.56,0,0,7.8,0
579,2016-08-01,78.62,0,0,4.2,0
580,2016-08-02,76.28,0,0,6.3,0
581,2016-08-03,76.28,0,0,3.4,0
582,2016-08-04,67.82,0,0,7,0
583,2016-08-05,64.94,0,0,3.5,0
584,2016-08-06,67.64,0,0,5.1,0
585,2016-08-07,73.4,0,0,4.7,0
586,2016-08-08,77.9,0,0,8.3,0
587,2016-08-09,78.26,0,0,8.3,0
588,2016-08-10,75.56,0,0,7.4,0
589,2016-08-11,74.48,0,0,5.4,0
590,2016-08-12,69.26,0,0,4.6,0
591,2016-08-13,70.88,0,0,5.4,0
592,2016-08-14,72.86,0,0,5.4,0
593,2016-08-15,75.74,0,0,8.3,0
594,2016-08-16,70.52,0,0,7.6,0
595,2016-08-17,74.3,0,0,5.9,0
596,2016-08-18,69.44,0,0,8.8,0
597,2016-08-19,60.62,0,0,7.8,0
598,2016-08-20,60.98,0,0,4.6,0
599,2016-08-21,70.16,0,0,4.7,0
600,2016-08-22,73.58,0,0,6.4,0
601,2016-08-23,75.38,0,0,10.2,0
602,2016-08-24,64.58,0,0,9,0
603,2016-08-25,57.92,0,0,5.9,0
604,2016-08-26,0,0,0,0,0
605,2016-08-27,66.74,0,0,5.8,0
606,2016-08-28,70.52,0,0,5.8,0
607,2016-08-29,67.46,0,0,10.2,0
608,2016-08-30,67.64,0,0,7.8,0
609,2016-08-31,65.84,0,0,3.6,0
610,2016-09-01,67.1,0,0,4.1,0
611,2016-09-02,69.98,0,0,4.8,0
612,2016-09-03,0,0,0,0,0
613,2016-09-04,67.64,0,0,4.4,0
614,2016-09-05,69.8,0,0,6.3,0
615,2016-09-06,66.38,0,0,6.5,0
616,2016-09-07,69.08,0,0,3.7,0
617,2016-09-08,72.14,0,0,6.9,0
618,2016-09-09,62.96,0,0,9.8,0
619,2016-09-10,60.44,0,0,3.7,0
620,2016-09-11,70.34,0,0,9.2,0
621,2016-09-12,66.38,0,0,11.3,0
622,2016-09-13,51.26,0,0,6.3,0
623,2016-09-14,57.56,0,0,4.6,0
624,2016-09-15,59.18,0,0,5.1,0
625,2016-09-16,57.74,0,0,4.2,0
626,2016-09-17,61.52,0,0,3.8,0
627,2016-09-18,71.6,0,0,8.2,0
628,2016-09-19,75.2,0,0,7,0
629,2016-09-20,72.5,0,0,3.7,0
630,2016-09-21,72.86,0,0,5.5,0
631,2016-09-22,62.06,0,0,3.4,0
632,2016-09-23,64.22,0,0,9.7,0
633,2016-09-24,55.4,0,0,14.8,0
634,2016-09-25,56.84,0,0,5.8,0
635,2016-09-26,59.54,0,0,4.3,0
636,2016-09-27,64.4,0,0,3.8,0
637,2016-09-28,65.84,0,0,5.4,0
638,2016-09-29,63.32,0,0,3.5,0
639,2016-09-30,0,0,0,0,0
640,2016-10-01,64.58,0,0,4.7,0
641,2016-10-02,64.94,0,0,4.4,0
642,2016-10-03,60.8,0,0,15,0
643,2016-10-04,53.96,0,0,13.3,0
644,2016-10-05,54.86,0,0,11.1,0
645,2016-10-06,46.4,0,0,7.5,0
646,2016-10-07,47.3,0,0,4.1,0
647,2016-10-08,55.22,0,0,3.7,0
648,2016-10-09,57.2,0,0,2.2,0
649,2016-10-10,64.94,0,0,14,0
650,2016-10-11,63.5,0,0,10.5,0
651,2016-10-12,40.46,0,0,6.1,0
652,2016-10-13,57.02,0,0,5.7,0
653,2016-10-14,64.76,0,0,7.6,0
654,2016-10-15,71.24,0,0,8.4,0
655,2016-10-16,64.76,0,0,12.7,0
656,2016-10-17,57.2,0,0,22.2,0
657,2016-10-18,50.9,0,0,7.1,0
658,2016-10-19,46.76,0,0,8.6,0
659,2016-10-20,44.42,0,0,3.7,0
660,2016-10-21,52.88,0,0,6.5,0
661,2016-10-22,61.7,0,0,12.5,0
662,2016-10-23,57.2,0,0,4.2,0
663,2016-10-24,59.36,0,0,2.9,0
664,2016-10-25,61.34,0,0,12.9,0
665,2016-10-26,57.38,0,0,2.8,0
666,2016-10-27,0,0,0,0,0
667,2016-10-28,0,0,0,0,0
668,2016-10-29,64.4,0,0,10.5,0
669,2016-10-30,54.32,0,0,2.1,0
670,2016-10-31,64.76,0,0,18.5,0
671,2016-11-01,53.6,0,0,7.1,0
672,2016-11-02,51.44,0,0,5.2,0
673,2016-11-03,52.34,0,0,4,0
674,2016-11-04,52.88,0,0,3.3,0
675,2016-11-05,53.6,0,0,2.9,0
676,2016-11-06,54.5,0,0,5.8,0
677,2016-11-07,51.8,0,0,2.8,0
678,2016-11-08,49.46,0,0,2.6,0
679,2016-11-09,51.8,0,0,2.8,0
680,2016-11-10,54.14,0,0,5.9,0
681,2016-11-11,46.58,0,0,2,0
682,2016-11-12,48.74,0,0,2.1,0
683,2016-11-13,54.86,0,0,7.6,0
684,2016-11-14,56.3,0,0,12,0
685,2016-11-15,64.04,0,0,10.4,0
686,2016-11-16,66.38,0,0,13.4,0
687,2016-11-17,34.34,0,0,8.2,0
688,2016-11-18,27.86,0,0,2.1,0
689,2016-11-19,31.46,0,0,2.5,0
690,2016-11-20,0,0,0,0,0
691,2016-11-21,49.64,0,0,6.2,0
692,2016-11-22,40.64,0,0,7.4,0
693,2016-11-23,36.32,0,0,2.6,0
694,2016-11-24,41.72,0,0,17.2,0
695,2016-11-25,41,0,0,4.9,0
696,2016-11-26,48.2,0,0,5.8,0
697,2016-11-27,41.54,0,0,9.8,0
698,2016-11-28,38.12,0,0,13.3,0
699,2016-11-29,33.44,0,0,8,0
700,2016-11-30,29.66,0,0,4.9,0
701,2016-12-01,30.38,0,0,2.3,0
702,2016-12-02,29.66,0,0,5.2,0
703,2016-12-03,0,0,0,0,0
704,2016-12-04,39.92,0,0,9.9,0
705,2016-12-05,0,0,0,0,0
706,2016-12-06,0,0,0,0,0
707,2016-12-07,12.38,0,0,5.3,0
708,2016-12-08,8.6,0,0,2.1,0
709,2016-12-09,21.02,0,0,3.4,0
710,2016-12-10,37.76,0,0,13.9,0
711,2016-12-11,33.8,0,0,5.6,0
712,2016-12-12,32.54,0,0,3.1,0
713,2016-12-13,37.76,0,0,17.9,0
714,2016-12-14,21.2,0,0,4.6,0
715,2016-12-15,37.94,0,0,8.4,0
716,2016-12-16,29.84,0,0,8.2,0
717,2016-12-17,1.76,0,0,5.5,0
718,2016-12-18,7.7,0,0,4.7,0
719,2016-12-19,26.24,0,0,5.5,0
720,2016-12-20,50.54,0,0,16.8,0
721,2016-12-21,41.54,0,0,8,0
722,2016-12-22,32,0,0,1.8,0
723,2016-12-23,39.2,0,0,7.7,0
724,2016-12-24,35.96,0,0,3.4,0
725,2016-12-25,32.18,0,0,16.3,0
726,2016-12-26,27.5,0,0,5.4,0
727,2016-12-27,33.44,0,0,8.7,0
728,2016-12-28,44.06,0,0,25,0
729,2016-12-29,30.2,0,0,6.8,0
730,2016-12-30,52.34,0,0,15,0
731,2016-12-31,0,0,0,0,0
732,2017-01-01,32.36,0,0,3.7,0
733,2017-01-02,0,0,0,0,0
734,2017-01-03,19.76,0,0,5.3,0
735,2017-01-04,0,0,0,0,0
736,2017-01-05,5.36,0,0,2.9,0
737,2017-01-06,7.52,0,0,1.7,0
738,2017-01-07,14.9,0,0,1.9,0
739,2017-01-08,39.2,0,0,12,0
740,2017-01-09,50.18,0,0,39.9,0
741,2017-01-10,43.16,0,0,23.6,0
742,2017-01-11,40.64,0,0,22.5,0
743,2017-01-12,32.72,0,0,10.7,0
744,2017-01-13,29.12,0,0,3,0
745,2017-01-14,32.36,0,0,1.2,0
746,2017-01-15,32,0,0,2.6,0
747,2017-01-16,33.44,0,0,0.7,0
748,2017-01-17,32,0,0,1.1,0
749,2017-01-18,37.04,0,0,3.8,0
750,2017-01-19,39.02,0,0,3.6,0
751,2017-01-20,37.04,0,0,5,0
752,2017-01-21,32.9,0,0,3.6,0
753,2017-01-22,37.04,0,0,8,0
754,2017-01-23,39.2,0,0,6.1,0
755,2017-01-24,27.5,0,0,5.9,0
756,2017-01-25,24.08,0,0,4.4,0
757,2017-01-26,22.1,0,0,3.6,0
758,2017-01-27,28.22,0,0,5.2,0
759,2017-01-28,36.5,0,0,10.2,0
760,2017-01-29,49.1,0,0,14.3,0
761,2017-01-30,52.7,0,0,17.6,0
762,2017-01-31,51.44,0,0,7.4,0
763,2017-02-01,28.4,0,0,8.8,0
764,2017-02-02,23,0,0,4.8,0
765,2017-02-03,21.92,0,0,5.6,0
766,2017-02-04,46.58,0,0,27.1,0
767,2017-02-05,42.8,0,0,3.4,0
768,2017-02-06,50,0,0,12.4,0
769,2017-02-07,50.72,0,0,19.2,0
770,2017-02-08,51.98,0,0,25.2,0
771,2017-02-09,58.28,0,0,12.2,0
772,2017-02-10,67.28,0,0,18.3,198
773,2017-02-11,50.9,0,0,12.6,0
774,2017-02-12,37.94,0,0,5.6,0
775,2017-02-13,39.2,0,0,2.9,0
776,2017-02-14,38.84,0,0,8.1,0
777,2017-02-15,47.66,0,0,7,0
778,2017-02-16,57.2,0,0,8.1,0
779,2017-02-17,52.34,0,0,6.4,0
780,2017-02-18,0,0,0,0,0
781,2017-02-19,47.48,0,0,4.2,0
782,2017-02-20,51.08,0,0,17.4,308
783,2017-02-21,58.28,0,0,28.7,0
784,2017-02-22,47.3,0,0,9.3,0
785,2017-02-23,28.58,0,0,8.6,0
786,2017-02-24,21.92,0,0,2.9,0
787,2017-02-25,24.8,0,0,8.2,0
788,2017-02-26,30.02,0,0,4.7,0
789,2017-02-27,34.88,0,0,5.2,0
790,2017-02-28,33.8,0,0,10.8,0
791,2017-03-01,35.24,0,0,15.6,0
792,2017-03-02,41.18,0,0,13.5,0
793,2017-03-03,46.76,0,0,13.8,0
794,2017-03-04,51.8,0,0,9.1,0
795,2017-03-05,50.36,0,0,6.1,0
796,2017-03-06,38.12,0,0,28.8,264
797,2017-03-07,39.92,0,0,15.6,0
798,2017-03-08,53.96,0,0,13.8,0
799,2017-03-09,57.02,0,0,13.7,0
800,2017-03-10,42.44,0,0,4.9,0
801,2017-03-11,42.08,0,0,3.9,0
802,2017-03-12,0,0,0,0,0
803,2017-03-13,41.9,0,0,4.8,0
804,2017-03-14,59.72,0,0,17.3,0
805,2017-03-15,58.1,0,0,11.6,0
806,2017-03-16,61.88,0,0,10.6,0
807,2017-03-17,56.12,0,0,5.8,0
808,2017-03-18,59,0,0,5.6,0
809,2017-03-19,65.84,0,0,11.4,0
810,2017-03-20,63.5,0,0,7.7,0
811,2017-03-21,50.36,0,0,5.5,0
812,2017-03-22,50.9,0,0,2.4,0
813,2017-03-23,57.74,0,0,15.8,0
814,2017-03-24,45.68,0,0,16.5,0
815,2017-03-25,47.66,0,0,4.7,0
816,2017-03-26,46.58,0,0,4.6,0
817,2017-03-27,48.2,0,0,4.2,0
818,2017-03-28,43.16,0,0,11,0
819,2017-03-29,45.32,0,0,5.7,0
820,2017-03-30,48.92,0,0,5.5,0
821,2017-03-31,0,0,0,0,0
822,2017-04-01,0,0,0,0,0
823,2017-04-02,47.3,0,0,2.7,0
824,2017-04-03,46.94,0,0,14.4,0
825,2017-04-04,33.62,0,0,6.2,0
826,2017-04-05,41.54,0,0,5.8,0
827,2017-04-06,50.72,0,0,4.8,0
828,2017-04-07,59.54,0,0,10.2,0
829,2017-04-08,66.2,0,0,15.8,0
830,2017-04-09,49.46,0,0,26.7,0
831,2017-04-10,45.5,0,0,9.4,0
832,2017-04-11,50.9,0,0,7.3,0
833,2017-04-12,56.66,0,0,4.5,0
834,2017-04-13,58.46,0,0,6.6,0
835,2017-04-14,59.9,0,0,5.7,0
836,2017-04-15,57.2,0,0,8.8,0
837,2017-04-16,56.3,0,0,5,0
838,2017-04-17,59.36,0,0,5.9,0
839,2017-04-18,60.26,0,0,7.9,0
840,2017-04-19,0,0,0,0,0
841,2017-04-20,0,0,0,0,0
842,2017-04-21,42.44,0,0,9.6,0
843,2017-04-22,44.42,0,0,4.3,0
844,2017-04-23,53.42,0,0,3.8,0
845,2017-04-24,55.76,0,0,8.3,0
846,2017-04-25,0,0,0,0,0
847,2017-04-26,44.78,0,0,9.3,0
848,2017-04-27,45.5,0,0,10.5,0
849,2017-04-28,39.74,0,0,15.3,0
850,2017-04-29,0,0,0,0,0
851,2017-04-30,43.16,0,0,10.6,0
852,2017-05-01,53.96,0,0,17.9,301
853,2017-05-02,50.54,0,0,8.2,0
854,2017-05-03,45.5,0,0,5.2,0
855,2017-05-04,54.86,0,0,3.2,0
856,2017-05-05,62.78,0,0,5.8,0
857,2017-05-06,67.46,0,0,7.3,0
858,2017-05-07,64.58,0,0,7.1,0
859,2017-05-08,56.84,0,0,8.7,0
860,2017-05-09,55.58,0,0,5.7,0
861,2017-05-10,51.44,0,0,8.6,0
862,2017-05-11,53.6,0,0,5.4,0
863,2017-05-12,61.52,0,0,3.4,0
864,2017-05-13,0,0,0,0,0
865,2017-05-14,63.32,0,0,9.6,0
866,2017-05-15,63.14,0,0,5.4,0
867,2017-05-16,58.64,0,0,8.1,0
868,2017-05-17,53.6,0,0,9.8,0
869,2017-05-18,34.7,0,0,9.7,0
870,2017-05-19,37.22,0,0,7.1,0
871,2017-05-20,47.48,0,0,6.4,0
872,2017-05-21,51.44,0,0,6.7,0
873,2017-05-22,50.9,0,0,7.7,0
874,2017-05-23,52.34,0,0,5.7,0
875,2017-05-24,61.88,0,0,7.9,0
876,2017-05-25,63.5,0,0,10.7,0
877,2017-05-26,0,0,0,0,0
878,2017-05-27,0,0,0,0,0
879,2017-05-28,0,0,0,0,0
880,2017-05-29,57.74,0,0,5.9,0
881,2017-05-30,61.7,0,0,5.2,0
882,2017-05-31,65.3,0,0,5.1,0
883,2017-06-01,64.4,0,0,3.9,0
884,2017-06-02,0,0,0,0,0
885,2017-06-03,65.12,0,0,4.8,0
886,2017-06-04,67.28,0,0,4.3,0
887,2017-06-05,67.46,0,0,5.2,0
888,2017-06-06,66.02,0,0,5.2,0
889,2017-06-07,67.28,0,0,5.4,0
890,2017-06-08,66.74,0,0,3.9,0
891,2017-06-09,75.2,0,0,8.3,0
892,2017-06-10,76.82,0,0,9,0
893,2017-06-11,68.36,0,0,6,0
894,2017-06-12,74.3,0,0,9.4,0
895,2017-06-13,66.38,0,0,12.6,0
896,2017-06-14,72.68,0,0,11.1,0
897,2017-06-15,0,0,0,0,0
898,2017-06-16,77.72,0,0,11.9,0
899,2017-06-17,70.34,0,0,8.4,0
900,2017-06-18,0,0,0,0,0
901,2017-06-19,70.7,0,0,6,0
902,2017-06-20,0,0,0,0,0
903,2017-06-21,84.38,0,0,9.7,0
904,2017-06-22,77.9,0,0,11.8,0
905,2017-06-23,56.84,0,0,6.2,0
906,2017-06-24,60.98,0,0,3.2,0
907,2017-06-25,62.24,0,0,4.2,0
908,2017-06-26,69.62,0,0,4.5,0
909,2017-06-27,75.2,0,0,11,0
910,2017-06-28,73.04,0,0,5.9,0
911,2017-06-29,70.7,0,0,8.3,0
912,2017-06-30,62.06,0,0,5.7,0
913,2017-07-01,71.6,0,0,4.3,0
914,2017-07-02,75.2,0,0,6.1,0
915,2017-07-03,73.76,0,0,9.5,0
916,2017-07-04,76.1,0,0,5.3,0
917,2017-07-05,78.44,0,0,3.4,0
918,2017-07-06,0,0,0,0,0
919,2017-07-07,73.22,0,0,5.2,0
920,2017-07-08,73.76,0,0,6.9,0
921,2017-07-09,0,0,0,0,0
922,2017-07-10,78.44,0,0,6.6,0
923,2017-07-11,78.8,0,0,7.4,0
924,2017-07-12,69.8,0,0,5.4,0
925,2017-07-13,72.14,0,0,3.5,0
926,2017-07-14,74.3,0,0,3.9,0
927,2017-07-15,70.88,0,0,7.3,0
928,2017-07-16,0,0,0,0,0
929,2017-07-17,76.64,0,0,7.8,0
930,2017-07-18,78.8,0,0,6.7,0
931,2017-07-19,80.06,0,0,8.1,0
932,2017-07-20,77.72,0,0,6.3,0
933,2017-07-21,75.74,0,0,8.6,0
934,2017-07-22,74.66,0,0,4.9,0
935,2017-07-23,76.64,0,0,6,0
936,2017-07-24,78.62,0,0,5.4,0
937,2017-07-25,75.74,0,0,7.6,0
938,2017-07-26,69.44,0,0,5,0
939,2017-07-27,72.5,0,0,4.9,0
940,2017-07-28,73.94,0,0,8.5,0
941,2017-07-29,70.52,0,0,4.2,0
942,2017-07-30,70.7,0,0,2.8,0
943,2017-07-31,73.4,0,0,4.8,0
944,2017-08-01,74.48,0,0,3.8,0
945,2017-08-02,0,0,0,0,0
946,2017-08-03,60.44,0,0,8.2,0
947,2017-08-04,68.54,0,0,5,0
948,2017-08-05,68.36,0,0,5.8,0
949,2017-08-06,62.78,0,0,5.7,0
950,2017-08-07,57.92,0,0,9,0
951,2017-08-08,0,0,0,0,0
952,2017-08-09,64.58,0,0,7.9,0
953,2017-08-10,61.52,0,0,5.7,0
954,2017-08-11,64.4,0,0,4.1,0
955,2017-08-12,67.64,0,0,4.8,0
956,2017-08-13,70.34,0,0,5.4,0
957,2017-08-14,72.32,0,0,8.2,0
958,2017-08-15,0,0,0,0,0
959,2017-08-16,64.58,0,0,4.1,0
960,2017-08-17,0,0,0,0,0
961,2017-08-18,71.6,0,0,5.2,0
962,2017-08-19,76.64,0,0,6.6,0
963,2017-08-20,76.64,0,0,6.9,0
964,2017-08-21,73.76,0,0,5.4,0
965,2017-08-22,69.8,0,0,5.5,0
966,2017-08-23,71.42,0,0,9.2,0
967,2017-08-24,69.08,0,0,12.2,0
968,2017-08-25,74.12,0,0,6.4,0
969,2017-08-26,75.02,0,0,5.1,0
970,2017-08-27,74.66,0,0,6,0
971,2017-08-28,73.4,0,0,3.5,0
972,2017-08-29,74.66,0,0,4.8,0
973,2017-08-30,72.86,0,0,4.8,0
974,2017-08-31,69.98,0,0,6.4,0
975,2017-09-01,72.86,0,0,7.7,0
976,2017-09-02,73.04,0,0,4.3,0
977,2017-09-03,79.34,0,0,7.6,0
978,2017-09-04,73.76,0,0,9.2,0
979,2017-09-05,61.88,0,0,6.4,0
980,2017-09-06,64.04,0,0,4.1,0
981,2017-09-07,67.64,0,0,2.2,0
982,2017-09-08,68.9,0,0,5.4,0
983,2017-09-09,73.58,0,0,7,0
984,2017-09-10,73.94,0,0,7,0
985,2017-09-11,72.68,0,0,6.4,0
986,2017-09-12,74.3,0,0,3.5,0
987,2017-09-13,74.84,0,0,7.6,0
988,2017-09-14,74.12,0,0,6.4,0
989,2017-09-15,68.9,0,0,9.1,0
990,2017-09-16,54.5,0,0,5,0
991,2017-09-17,57.92,0,0,3.3,0
992,2017-09-18,66.74,0,0,7.4,0
993,2017-09-19,65.84,0,0,9.4,0
994,2017-09-20,57.2,0,0,3.8,0
995,2017-09-21,66.74,0,0,5.7,0
996,2017-09-22,61.88,0,0,8.4,0
997,2017-09-23,48.92,0,0,6.3,0
998,2017-09-24,46.04,0,0,5.2,0
999,2017-09-25,46.58,0,0,2.3,0
1000,2017-09-26,51.08,0,0,2.4,0
1001,2017-09-27,50.9,0,0,1,0
1002,2017-09-28,51.26,0,0,5.4,0
1003,2017-09-29,51.26,0,0,2.4,0
1004,2017-09-30,52.52,0,0,4.9,0
1005,2017-10-01,57.74,0,0,12.5,0
1006,2017-10-02,40.46,0,0,3,0
1007,2017-10-03,44.24,0,0,3.6,0
1008,2017-10-04,51.98,0,0,2.8,0
1009,2017-10-05,55.76,0,0,3.4,0
1010,2017-10-06,55.94,0,0,12.8,0
1011,2017-10-07,64.4,0,0,13.1,0
1012,2017-10-08,54.5,0,0,15,0
1013,2017-10-09,33.8,0,0,6,0
1014,2017-10-10,41.72,0,0,0.9,0
1015,2017-10-11,49.46,0,0,2.7,0
1016,2017-10-12,56.66,0,0,4.9,0
1017,2017-10-13,49.1,0,0,2.8,0
1018,2017-10-14,47.3,0,0,13.8,0
1019,2017-10-15,43.34,0,0,3.2,0
1020,2017-10-16,55.58,0,0,7.6,0
1021,2017-10-17,58.82,0,0,6.1,0
1022,2017-10-18,0,0,0,0,0
1023,2017-10-19,0,0,0,0,0
1024,2017-10-20,60.8,0,0,5.9,0
1025,2017-10-21,48.38,0,0,18.6,0
1026,2017-10-22,53.6,0,0,10.5,0
1027,2017-10-23,50,0,0,9.8,0
1028,2017-10-24,46.4,0,0,5.1,0
1029,2017-10-25,64.04,0,0,11.9,0
1030,2017-10-26,46.76,0,0,12.3,0
1031,2017-10-27,0,0,0,0,0
1032,2017-10-28,46.76,0,0,4.3,0
1033,2017-10-29,57.74,0,0,13.6,0
1034,2017-10-30,32.54,0,0,7.1,0
1035,2017-10-31,38.3,0,0,7.6,0
1036,2017-11-01,60.08,0,0,16.6,92
1037,2017-11-02,40.82,0,0,5.8,0
1038,2017-11-03,41.9,0,0,2.1,0
1039,2017-11-04,53.6,0,0,11.2,0
1040,2017-11-05,40.46,0,0,5.3,0
1041,2017-11-06,36.14,0,0,4.1,0
1042,2017-11-07,29.12,0,0,3.9,0
1043,2017-11-08,33.62,0,0,2.4,0
1044,2017-11-09,33.44,0,0,4.2,0
1045,2017-11-10,38.66,0,0,2,0
1046,2017-11-11,44.78,0,0,7.1,0
1047,2017-11-12,40.46,0,0,1.2,0
1048,2017-11-13,49.64,0,0,5.8,0
1049,2017-11-14,53.78,0,0,10.7,0
1050,2017-11-15,40.64,0,0,5.7,0
1051,2017-11-16,51.08,0,0,12.5,0
1052,2017-11-17,53.24,0,0,12.1,0
1053,2017-11-18,37.4,0,0,5.3,0
1054,2017-11-19,41.54,0,0,6.5,0
1055,2017-11-20,53.78,0,0,6.5,0
1056,2017-11-21,43.52,0,0,6.1,0
1057,2017-11-22,49.64,0,0,8.4,0
1058,2017-11-23,58.28,0,0,7.6,0
1059,2017-11-24,59,0,0,11.6,0
1060,2017-11-25,46.04,0,0,5.8,0
1061,2017-11-26,54.86,0,0,7,0
1062,2017-11-27,64.04,0,0,12.2,0
1063,2017-11-28,39.02,0,0,5,0
1064,2017-11-29,42.98,0,0,9.5,0
1065,2017-11-30,37.4,0,0,2.2,0
1066,2017-12-01,43.34,0,0,6,0
1067,2017-12-02,44.42,0,0,3.1,0
1068,2017-12-03,45.86,0,0,7.7,0
1069,2017-12-04,35.96,0,0,20.4,0
1070,2017-12-05,30.92,0,0,5.8,0
1071,2017-12-06,31.1,0,0,7.1,0
1072,2017-12-07,28.58,0,0,4,0
1073,2017-12-08,46.22,0,0,7.4,0
1074,2017-12-09,48.38,0,0,7.9,0
1075,2017-12-10,47.84,0,0,5.5,0
1076,2017-12-11,43.88,0,0,6.4,0
1077,2017-12-12,47.66,0,0,7.4,0
1078,2017-12-13,48.2,0,0,8.5,0
1079,2017-12-14,32.72,0,0,6.1,0
1080,2017-12-15,42.8,0,0,6.4,0
1081,2017-12-16,42.8,0,0,8,0
1082,2017-12-17,32.9,0,0,4,0
1083,2017-12-18,35.24,0,0,2.4,0
1084,2017-12-19,37.4,0,0,3.7,0
1085,2017-12-20,0,0,0,0,0
1086,2017-12-21,22.82,0,0,8.6,0
1087,2017-12-22,22.46,0,0,3.4,0
1088,2017-12-23,21.02,0,0,6.7,0
1089,2017-12-24,12.56,0,0,5,0
1090,2017-12-25,16.88,0,0,4.1,0
1091,2017-12-26,0,0,0,0,0
1092,2017-12-27,32.54,0,0,21.5,0
1093,2017-12-28,39.38,0,0,11.5,0
1094,2017-12-29,46.4,0,0,10.8,0
1095,2017-12-30,0,0,0,0,0
1096,2017-12-31,0,0,0,0,0
1097,2018-01-01,18.86,0,0,3,0
1098,2018-01-02,28.22,0,0,3.7,0
1099,2018-01-03,33.62,0,0,4.6,0
1100,2018-01-04,38.3,0,0,4,0
1101,2018-01-05,36.5,0,0,3.9,0
1102,2018-01-06,39.02,0,0,4.9,0
1103,2018-01-07,40.64,0,0,6.8,0
1104,2018-01-08,35.96,0,0,3.6,0
1105,2018-01-09,54.5,0,0,13,0
1106,2018-01-10,44.6,0,0,9,0
1107,2018-01-11,32.9,0,0,11.2,0
1108,2018-01-12,36.5,0,0,9.6,0
1109,2018-01-13,35.06,0,0,4,0
1110,2018-01-14,35.06,0,0,5.6,0
1111,2018-01-15,22.64,0,0,7.4,0
1112,2018-01-16,17.06,0,0,1.8,0
1113,2018-01-17,32.36,0,0,2.9,0
1114,2018-01-18,41.18,0,0,2.4,0
1115,2018-01-19,58.1,0,0,17.1,0
1116,2018-01-20,0,0,0,0,0
1117,2018-01-21,27.68,0,0,10.9,0
1118,2018-01-22,0,0,0,0,0
1119,2018-01-23,33.26,0,0,10.1,0
1120,2018-01-24,32.72,0,0,4.3,0
1121,2018-01-25,36.86,0,0,3.8,0
1122,2018-01-26,36.14,0,0,19.8,0
1123,2018-01-27,33.44,0,0,6.6,0
1124,2018-01-28,36.68,0,0,9.3,0
1125,2018-01-29,42.26,0,0,9.5,0
1126,2018-01-30,50.72,0,0,8.1,0
1127,2018-01-31,0,0,0,0,0
1128,2018-02-01,28.4,0,0,5.3,0
1129,2018-02-02,32.9,0,0,4.7,0
1130,2018-02-03,47.84,0,0,16.7,0
1131,2018-02-04,27.14,0,0,7.7,0
1132,2018-02-05,38.12,0,0,16.3,0
1133,2018-02-06,33.62,0,0,7.5,0
1134,2018-02-07,38.3,0,0,9.2,0
1135,2018-02-08,51.08,0,0,15,0
1136,2018-02-09,29.84,0,0,9,0
1137,2018-02-10,14.36,0,0,2.5,0
1138,2018-02-11,23.36,0,0,4.8,0
1139,2018-02-12,20.12,0,0,7.2,0
1140,2018-02-13,37.58,0,0,15.9,0
1141,2018-02-14,52.7,0,0,25.4,244
1142,2018-02-15,40.1,0,0,14.1,0
1143,2018-02-16,31.1,0,0,10.1,0
1144,2018-02-17,45.14,0,0,13.2,181
1145,2018-02-18,50.54,0,0,21.3,231
1146,2018-02-19,13.82,0,0,9.7,0
1147,2018-02-20,6.8,0,0,4.7,0
1148,2018-02-21,12.2,0,0,3.4,0
1149,2018-02-22,19.94,0,0,2.7,0
1150,2018-02-23,23.36,0,0,3.9,0
1151,2018-02-24,28.58,0,0,7.7,0
1152,2018-02-25,32.54,0,0,16.6,0
1153,2018-02-26,37.94,0,0,5.2,0
1154,2018-02-27,38.48,0,0,4.4,0
1155,2018-02-28,37.58,0,0,6.6,0
1156,2018-03-01,38.12,0,0,3.8,0
1157,2018-03-02,50,0,0,10.6,0
1158,2018-03-03,49.82,0,0,4.8,0
1159,2018-03-04,45.5,0,0,14.6,0
1160,2018-03-05,33.44,0,0,32.1,275
1161,2018-03-06,36.5,0,0,9.6,0
1162,2018-03-07,35.6,0,0,4.3,0
1163,2018-03-08,46.58,0,0,7.7,0
1164,2018-03-09,53.6,0,0,12.5,0
1165,2018-03-10,45.14,0,0,18.1,0
1166,2018-03-11,0,0,0,0,0
1167,2018-03-12,40.46,0,0,5.2,0
1168,2018-03-13,41.9,0,0,4.3,0
1169,2018-03-14,48.74,0,0,5.3,0
1170,2018-03-15,47.12,0,0,5.9,0
1171,2018-03-16,44.24,0,0,12.3,0
1172,2018-03-17,0,0,0,0,0
1173,2018-03-18,0,0,0,0,0
1174,2018-03-19,36.68,0,0,6.4,0
1175,2018-03-20,39.74,0,0,13.4,0
1176,2018-03-21,44.42,0,0,3.2,0
1177,2018-03-22,56.12,0,0,8.8,0
1178,2018-03-23,59.54,0,0,15.9,0
1179,2018-03-24,49.1,0,0,4.9,0
1180,2018-03-25,48.02,0,0,8.3,0
1181,2018-03-26,0,0,0,0,0
1182,2018-03-27,37.76,0,0,4.6,0
1183,2018-03-28,36.14,0,0,5.3,0
1184,2018-03-29,34.88,0,0,7,0
1185,2018-03-30,45.14,0,0,6.9,0
1186,2018-03-31,43.7,0,0,7.1,0
1187,2018-04-01,34.7,0,0,5.6,0
1188,2018-04-02,52.34,0,0,16.4,0
1189,2018-04-03,41.9,0,0,19.2,0
1190,2018-04-04,43.7,0,0,9.8,0
1191,2018-04-05,53.6,0,0,9.9,0
1192,2018-04-06,32.9,0,0,10.5,0
1193,2018-04-07,35.24,0,0,3.7,0
1194,2018-04-08,53.42,0,0,18.1,0
1195,2018-04-09,45.32,0,0,9.3,0
1196,2018-04-10,0,0,0,0,0
1197,2018-04-11,65.48,0,0,21.9,0
1198,2018-04-12,56.48,0,0,13.3,0
1199,2018-04-13,41.9,0,0,15.8,335
1200,2018-04-14,43.7,0,0,8,0
1201,2018-04-15,46.94,0,0,4.8,0
1202,2018-04-16,49.46,0,0,2.1,0
1203,2018-04-17,52.88,0,0,26.7,0
1204,2018-04-18,45.32,0,0,11.2,0
1205,2018-04-19,45.86,0,0,4.5,0
1206,2018-04-20,43.7,0,0,10.8,0
1207,2018-04-21,35.96,0,0,7.2,0
1208,2018-04-22,47.84,0,0,3.1,0
1209,2018-04-23,53.6,0,0,6.8,0
1210,2018-04-24,35.24,0,0,6.7,0
1211,2018-04-25,48.02,0,0,6,0
1212,2018-04-26,51.62,0,0,8.2,0
1213,2018-04-27,55.94,0,0,3.6,0
1214,2018-04-28,58.28,0,0,5.7,0
1215,2018-04-29,65.48,0,0,5.7,0
1216,2018-04-30,59,0,0,7.2,0
1217,2018-05-01,51.44,0,0,8,0
1218,2018-05-02,45.68,0,0,6.2,0
1219,2018-05-03,45.14,0,0,8.9,0
1220,2018-05-04,57.2,0,0,7.9,0
1221,2018-05-05,63.32,0,0,6.6,0
1222,2018-05-06,62.96,0,0,3.9,0
1223,2018-05-07,64.94,0,0,5.9,0
1224,2018-05-08,0,0,0,0,0
1225,2018-05-09,0,0,0,0,0
1226,2018-05-10,64.76,0,0,7.7,0
1227,2018-05-11,59.72,0,0,7.9,0
1228,2018-05-12,52.52,0,0,6,0
1229,2018-05-13,52.34,0,0,6.2,0
1230,2018-05-14,55.4,0,0,3.4,0
1231,2018-05-15,58.1,0,0,4.4,0
1232,2018-05-16,66.02,0,0,5.4,0
1233,2018-05-17,66.2,0,0,5.4,0
1234,2018-05-18,56.3,0,0,5.7,0
1235,2018-05-19,48.2,0,0,6.8,0
1236,2018-05-20,46.4,0,0,4.6,0
1237,2018-05-21,58.28,0,0,5,0
1238,2018-05-22,62.6,0,0,8.1,0
1239,2018-05-23,62.6,0,0,5,0
1240,2018-05-24,68.18,0,0,6.4,0
1241,2018-05-25,71.06,0,0,6.3,0
1242,2018-05-26,71.06,0,0,3.1,0
1243,2018-05-27,69.98,0,0,8.8,0
1244,2018-05-28,60.08,0,0,7.7,0
1245,2018-05-29,61.52,0,0,6.2,0
1246,2018-05-30,63.86,0,0,5.2,0
1247,2018-05-31,71.06,0,0,6.3,0
1248,2018-06-01,74.3,0,0,17.3,0
1249,2018-06-02,64.94,0,0,8.9,0
1250,2018-06-03,62.42,0,0,4.2,0
1251,2018-06-04,73.4,0,0,7.8,0
1252,2018-06-05,76.1,0,0,7.8,0
1253,2018-06-06,73.4,0,0,7.3,0
1254,2018-06-07,74.66,0,0,5.9,0
1255,2018-06-08,75.2,0,0,6.9,0
1256,2018-06-09,74.48,0,0,5.8,0
1257,2018-06-10,78.8,0,0,9.6,0
1258,2018-06-11,71.24,0,0,10.6,0
1259,2018-06-12,68.36,0,0,5.3,0
1260,2018-06-13,73.94,0,0,4,0
1261,2018-06-14,78.8,0,0,7.9,0
1262,2018-06-15,76.64,0,0,6.1,0
1263,2018-06-16,68.72,0,0,4.4,0
1264,2018-06-17,62.06,0,0,4.8,0
1265,2018-06-18,60.08,0,0,4.3,0
1266,2018-06-19,63.5,0,0,9.5,0
1267,2018-06-20,64.4,0,0,4.3,0
1268,2018-06-21,67.28,0,0,5.2,0
1269,2018-06-22,69.98,0,0,9.2,0
1270,2018-06-23,69.8,0,0,5.6,0
1271,2018-06-24,61.7,0,0,7.4,0
1272,2018-06-25,0,0,0,0,0
1273,2018-06-26,75.92,0,0,5.2,0
1274,2018-06-27,82.58,0,0,9.7,0
1275,2018-06-28,81.86,0,0,5.9,0
1276,2018-06-29,80.96,0,0,9.9,0
1277,2018-06-30,62.78,0,0,7.3,0
1278,2018-07-01,67.46,0,0,4.7,0
1279,2018-07-02,76.64,0,0,7.4,0
1280,2018-07-03,77.54,0,0,9,0
1281,2018-07-04,73.4,0,0,6.7,0
1282,2018-07-05,71.96,0,0,8.2,0
1283,2018-07-06,72.86,0,0,4.7,0
1284,2018-07-07,78.26,0,0,5.6,0
1285,2018-07-08,81.68,0,0,7.8,0
1286,2018-07-09,80.06,0,0,4.7,0
1287,2018-07-10,79.52,0,0,3.4,0
1288,2018-07-11,79.52,0,0,4.8,0
1289,2018-07-12,73.22,0,0,8.6,0
1290,2018-07-13,74.66,0,0,6.1,0
1291,2018-07-14,77.9,0,0,3.3,0
1292,2018-07-15,66.2,0,0,7.4,0
1293,2018-07-16,69.44,0,0,4.2,0
1294,2018-07-17,71.78,0,0,6.4,0
1295,2018-07-18,77,0,0,4.4,0
1296,2018-07-19,82.22,0,0,8,0
1297,2018-07-20,81.86,0,0,7.6,0
1298,2018-07-21,79.34,0,0,6.2,0
1299,2018-07-22,76.46,0,0,7.2,0
1300,2018-07-23,67.64,0,0,4.5,0
1301,2018-07-24,72.14,0,0,3.4,0
1302,2018-07-25,68.9,0,0,8,0
1303,2018-07-26,68.54,0,0,6.6,0
1304,2018-07-27,66.74,0,0,6.3,0
1305,2018-07-28,66.2,0,0,4.8,0
1306,2018-07-29,62.96,0,0,5.6,0
1307,2018-07-30,67.1,0,0,4.8,0
1308,2018-07-31,68.9,0,0,2.8,0
1309,2018-08-01,69.8,0,0,4,0
1310,2018-08-02,74.12,0,0,3.5,0
1311,2018-08-03,72.68,0,0,10.8,0
1312,2018-08-04,80.96,0,0,13.6,0
1313,2018-08-05,73.22,0,0,8.1,0
1314,2018-08-06,69.44,0,0,6.6,0
1315,2018-08-07,71.6,0,0,4.7,0
1316,2018-08-08,69.44,0,0,5,0
1317,2018-08-09,74.12,0,0,3.7,0
1318,2018-08-10,75.92,0,0,4.9,0
1319,2018-08-11,75.38,0,0,5.1,0
1320,2018-08-12,72.68,0,0,4.9,0
1321,2018-08-13,70.7,0,0,4,0
1322,2018-08-14,68,0,0,5.1,0
1323,2018-08-15,70.88,0,0,3.6,0
1324,2018-08-16,73.04,0,0,4.1,0
1325,2018-08-17,72.14,0,0,4.2,0
1326,2018-08-18,67.64,0,0,4.8,0
1327,2018-08-19,62.24,0,0,5.3,0
1328,2018-08-20,62.24,0,0,5.2,0
1329,2018-08-21,0,0,0,0,0
1330,2018-08-22,65.84,0,0,5.1,0
1331,2018-08-23,73.22,0,0,13.8,0
1332,2018-08-24,74.12,0,0,8.1,0
1333,2018-08-25,76.64,0,0,6,0
1334,2018-08-26,76.64,0,0,11.8,0
1335,2018-08-27,78.8,0,0,17.5,0
1336,2018-08-28,63.5,0,0,3.9,0
1337,2018-08-29,68.36,0,0,4.1,0
1338,2018-08-30,75.02,0,0,7.1,0
1339,2018-08-31,73.22,0,0,6.5,0
1340,2018-09-01,69.8,0,0,6.4,0
1341,2018-09-02,66.02,0,0,4.8,0
1342,2018-09-03,68,0,0,3.4,0
1343,2018-09-04,67.28,0,0,5.3,0
1344,2018-09-05,59.72,0,0,6.6,0
1345,2018-09-06,60.08,0,0,4,0
1346,2018-09-07,63.14,0,0,3.6,0
1347,2018-09-08,64.94,0,0,6.8,0
1348,2018-09-09,72.5,0,0,6.8,0
1349,2018-09-10,71.78,0,0,5.2,0
1350,2018-09-11,0,0,0,0,0
1351,2018-09-12,0,0,0,0,0
1352,2018-09-13,80.06,0,0,8.5,0
1353,2018-09-14,74.3,0,0,6.5,0
1354,2018-09-15,73.76,0,0,4,0
1355,2018-09-16,0,0,0,0,0
1356,2018-09-17,0,0,0,0,0
1357,2018-09-18,73.04,0,0,3.7,0
1358,2018-09-19,68.9,0,0,8.4,0
1359,2018-09-20,67.64,0,0,8.2,0
1360,2018-09-21,62.06,0,0,4,0
1361,2018-09-22,67.1,0,0,4.1,0
1362,2018-09-23,71.6,0,0,6.8,0
1363,2018-09-24,68,0,0,10.7,0
1364,2018-09-25,54.14,0,0,5.7,0
1365,2018-09-26,54.5,0,0,4.8,0
1366,2018-09-27,61.34,0,0,5.7,0
1367,2018-09-28,46.04,0,0,5,0
1368,2018-09-29,57.2,0,0,3.9,0
1369,2018-09-30,48.02,0,0,2.9,0
1370,2018-10-01,53.06,0,0,1.6,0
1371,2018-10-02,63.86,0,0,7.8,0
1372,2018-10-03,70.7,0,0,16.9,0
1373,2018-10-04,50.9,0,0,6.3,0
1374,2018-10-05,0,0,0,0,0
1375,2018-10-06,45.14,0,0,4.5,0
1376,2018-10-07,42.26,0,0,8.1,0
1377,2018-10-08,0,0,0,0,0
1378,2018-10-09,36.5,0,0,5.7,0
1379,2018-10-10,32.9,0,0,4.1,0
1380,2018-10-11,36.68,0,0,2.4,0
1381,2018-10-12,45.14,0,0,3.7,0
1382,2018-10-13,47.84,0,0,8.8,0
1383,2018-10-14,25.88,0,0,6.3,0
1384,2018-10-15,31.46,0,0,2.9,0
1385,2018-10-16,42.98,0,0,6.1,0
1386,2018-10-17,46.94,0,0,6.2,0
1387,2018-10-18,48.92,0,0,6.7,0
1388,2018-10-19,56.66,0,0,7,0
1389,2018-10-20,53.42,0,0,3.3,0
1390,2018-10-21,57.2,0,0,5.5,0
1391,2018-10-22,56.48,0,0,5,0
1392,2018-10-23,50.54,0,0,1.6,0
1393,2018-10-24,53.06,0,0,2.5,0
1394,2018-10-25,54.68,0,0,6.4,0
1395,2018-10-26,55.04,0,0,9,0
1396,2018-10-27,62.06,0,0,15.8,0
1397,2018-10-28,55.4,0,0,4.5,0
1398,2018-10-29,60.62,0,0,7.2,0
1399,2018-10-30,38.84,0,0,5.4,0
1400,2018-10-31,39.2,0,0,3.4,0
1401,2018-11-01,45.14,0,0,11.7,0
1402,2018-11-02,48.38,0,0,11.4,0
1403,2018-11-03,44.6,0,0,7,0
1404,2018-11-04,41.36,0,0,10.4,0
1405,2018-11-05,45.86,0,0,16.9,280
1406,2018-11-06,40.64,0,0,9.3,0
1407,2018-11-07,33.26,0,0,4.3,0
1408,2018-11-08,31.64,0,0,5.1,0
1409,2018-11-09,29.12,0,0,3.9,0
1410,2018-11-10,42.62,0,0,11.3,0
1411,2018-11-11,26.96,0,0,7,0
1412,2018-11-12,24.08,0,0,2.8,0
1413,2018-11-13,33.44,0,0,2.6,0
1414,2018-11-14,43.52,0,0,4.7,0
1415,2018-11-15,48.2,0,0,6.5,0
1416,2018-11-16,46.04,0,0,12.3,0
1417,2018-11-17,29.12,0,0,7.7,0
1418,2018-11-18,29.48,0,0,2.3,0
1419,2018-11-19,35.24,0,0,3.8,0
1420,2018-11-20,38.66,0,0,2.8,0
1421,2018-11-21,42.8,0,0,2.6,0
1422,2018-11-22,44.96,0,0,6.7,0
1423,2018-11-23,45.32,0,0,19.5,0
1424,2018-11-24,37.76,0,0,15,0
1425,2018-11-25,34.88,0,0,12,0
1426,2018-11-26,33.8,0,0,5.2,0
1427,2018-11-27,45.14,0,0,16,0
1428,2018-11-28,50.9,0,0,17.5,0
1429,2018-11-29,39.74,0,0,4.2,0
1430,2018-11-30,32.54,0,0,0,0
1431,2018-12-01,33.98,0,0,8.5,0
1432,2018-12-02,30.2,0,0,5.6,0
1433,2018-12-03,28.22,0,0,1.9,0
1434,2018-12-04,31.1,0,0,10.9,0
1435,2018-12-05,29.66,0,0,6.8,0
1436,2018-12-06,23.9,0,0,4.6,0
1437,2018-12-07,28.4,0,0,2.7,0
1438,2018-12-08,32.72,0,0,3.4,0
1439,2018-12-09,33.44,0,0,2.8,0
1440,2018-12-10,36.14,0,0,1.5,0
1441,2018-12-11,42.08,0,0,11.3,0
1442,2018-12-12,39.74,0,0,13.2,0
1443,2018-12-13,33.44,0,0,5,0
1444,2018-12-14,37.04,0,0,4.1,0
1445,2018-12-15,41.9,0,0,8.3,0
1446,2018-12-16,41,0,0,5.1,0
1447,2018-12-17,42.98,0,0,3.2,0
1448,2018-12-18,43.88,0,0,4.8,0
1449,2018-12-19,43.16,0,0,17,0
1450,2018-12-20,33.44,0,0,2.3,0
1451,2018-12-21,43.34,0,0,7.7,0
1452,2018-12-22,32.9,0,0,7.2,0
1453,2018-12-23,31.28,0,0,4.3,0
1454,2018-12-24,36.32,0,0,4.3,0
1455,2018-12-25,33.08,0,0,3,0
1456,2018-12-26,30.2,0,0,4.6,0
1457,2018-12-27,25.88,0,0,7.3,0
1458,2018-12-28,19.76,0,0,5.3,0
1459,2018-12-29,22.1,0,0,1.1,0
1460,2018-12-30,38.3,0,0,13.2,0
1461,2018-12-31,0,0,0,0,0
1462,2019-01-01,7.52,0,0,3.6,0
1463,2019-01-02,21.74,0,0,2.7,0
1464,2019-01-03,36.14,0,0,4.6,0
1465,2019-01-04,43.52,0,0,6.6,0
1466,2019-01-05,42.98,0,0,1.9,0
1467,2019-01-06,43.7,0,0,16.8,0
1468,2019-01-07,42.8,0,0,22.1,254
1469,2019-01-08,32.54,0,0,7.2,0
1470,2019-01-09,34.52,0,0,1.9,0
1471,2019-01-10,42.44,0,0,3.9,0
1472,2019-01-11,34.88,0,0,3,0
1473,2019-01-12,33.8,0,0,4.7,0
1474,2019-01-13,31.64,0,0,4.1,0
1475,2019-01-14,33.26,0,0,3.6,0
1476,2019-01-15,35.24,0,0,2.3,0
1477,2019-01-16,38.84,0,0,7.1,0
1478,2019-01-17,45.5,0,0,8.8,0
1479,2019-01-18,35.42,0,0,8.4,0
1480,2019-01-19,37.22,0,0,9.2,0
1481,2019-01-20,41.54,0,0,5.3,0
1482,2019-01-21,35.24,0,0,7.1,0
1483,2019-01-22,29.3,0,0,12.8,0
1484,2019-01-23,34.88,0,0,18.7,0
1485,2019-01-24,24.8,0,0,5.4,0
1486,2019-01-25,25.7,0,0,3.9,0
1487,2019-01-26,36.5,0,0,8.7,0
1488,2019-01-27,45.86,0,0,22.2,0
1489,2019-01-28,25.7,0,0,8.6,0
1490,2019-01-29,20.12,0,0,5,0
1491,2019-01-30,0,0,0,0,0
1492,2019-01-31,35.6,0,0,6.3,0
1493,2019-02-01,38.84,0,0,3.2,0
1494,2019-02-02,42.08,0,0,4.7,0
1495,2019-02-03,44.06,0,0,15.1,0
1496,2019-02-04,40.1,0,0,16.1,316
1497,2019-02-05,30.02,0,0,3.4,0
1498,2019-02-06,0,0,0,0,0
1499,2019-02-07,4.1,0,0,2.5,0
1500,2019-02-08,13.1,0,0,1.9,0
1501,2019-02-09,23.72,0,0,4.5,0
1502,2019-02-10,23.36,0,0,3.1,0
1503,2019-02-11,0,0,0,0,0
1504,2019-02-12,36.5,0,0,6.8,0
1505,2019-02-13,45.86,0,0,22.2,221
1506,2019-02-14,42.98,0,0,24.4,324
1507,2019-02-15,36.68,0,0,10.4,0
1508,2019-02-16,29.3,0,0,7,0
1509,2019-02-17,27.14,0,0,11.3,0
1510,2019-02-18,14.9,0,0,6.6,0
1511,2019-02-19,17.24,0,0,5.9,0
1512,2019-02-20,23.9,0,0,10.7,0
1513,2019-02-21,25.16,0,0,6,0
1514,2019-02-22,23.54,0,0,2.1,0
1515,2019-02-23,29.3,0,0,15,0
1516,2019-02-24,35.96,0,0,11.5,0
1517,2019-02-25,31.1,0,0,6.1,0
1518,2019-02-26,0,0,0,0,0
1519,2019-02-27,0,0,0,0,0
1520,2019-02-28,36.14,0,0,5.3,0
1521,2019-03-01,37.76,0,0,8.3,0
1522,2019-03-02,21.56,0,0,13.4,8
1523,2019-03-03,4.1,0,0,4.8,0
1524,2019-03-04,8.6,0,0,2.6,0
1525,2019-03-05,17.78,0,0,2.2,0
1526,2019-03-06,29.12,0,0,4.5,0
1527,2019-03-07,32.36,0,0,6.8,0
1528,2019-03-08,37.22,0,0,6.5,0
1529,2019-03-09,40.64,0,0,16.4,0
1530,2019-03-10,0,0,0,0,0
1531,2019-03-11,39.38,0,0,4.5,0
1532,2019-03-12,0,0,0,0,0
1533,2019-03-13,0,0,0,0,0
1534,2019-03-14,32.18,0,0,11.7,100
1535,2019-03-15,32.36,0,0,4.7,0
1536,2019-03-16,37.04,0,0,5.9,0
1537,2019-03-17,40.1,0,0,4.9,0
1538,2019-03-18,0,0,0,0,0
1539,2019-03-19,39.02,0,0,6.1,0
1540,2019-03-20,43.52,0,0,4.4,0
1541,2019-03-21,45.14,0,0,4.8,0
1542,2019-03-22,43.7,0,0,7,0
1543,2019-03-23,43.16,0,0,7.5,0
1544,2019-03-24,42.44,0,0,5.2,0
1545,2019-03-25,45.68,0,0,10.8,0
1546,2019-03-26,49.64,0,0,3.5,0
1547,2019-03-27,57.2,0,0,4.8,0
1548,2019-03-28,48.02,0,0,8.4,0
1549,2019-03-29,37.04,0,0,8.4,0
1550,2019-03-30,34.7,0,0,4.9,0
1551,2019-03-31,39.38,0,0,4.2,0
1552,2019-04-01,44.42,0,0,11.9,0
1553,2019-04-02,42.8,0,0,3.2,0
1554,2019-04-03,47.3,0,0,5.5,0
1555,2019-04-04,49.28,0,0,3,0
1556,2019-04-05,56.3,0,0,6.3,0
1557,2019-04-06,56.66,0,0,10.8,0
1558,2019-04-07,58.28,0,0,16.7,0
1559,2019-04-08,62.24,0,0,15.1,246
1560,2019-04-09,61.52,0,0,7,0
1561,2019-04-10,37.58,0,0,14.6,0
1562,2019-04-11,30.56,0,0,5.8,0
1563,2019-04-12,32.36,0,0,5.4,0
1564,2019-04-13,36.14,0,0,6.2,0
1565,2019-04-14,47.12,0,0,7.8,0
1566,2019-04-15,58.28,0,0,8.6,0
1567,2019-04-16,53.24,0,0,3.7,0
1568,2019-04-17,52.34,0,0,8.2,0
1569,2019-04-18,49.1,0,0,7.2,0
1570,2019-04-19,56.12,0,0,5,0
1571,2019-04-20,61.7,0,0,5.7,0
1572,2019-04-21,56.3,0,0,9.2,0
1573,2019-04-22,42.62,0,0,5,0
1574,2019-04-23,51.62,0,0,2.6,0
1575,2019-04-24,58.64,0,0,3.6,0
1576,2019-04-25,54.5,0,0,8.5,0
1577,2019-04-26,56.12,0,0,7.3,0
1578,2019-04-27,54.5,0,0,12.3,0
1579,2019-04-28,57.02,0,0,16.4,0
1580,2019-04-29,33.98,0,0,7.5,0
1581,2019-04-30,33.26,0,0,5.1,0
1582,2019-05-01,38.12,0,0,6.2,0
1583,2019-05-02,46.04,0,0,5.3,0
1584,2019-05-03,53.96,0,0,7.2,0
1585,2019-05-04,56.66,0,0,8.1,0
1586,2019-05-05,62.78,0,0,12.9,0
1587,2019-05-06,55.4,0,0,5.2,0
1588,2019-05-07,46.58,0,0,7.6,0
1589,2019-05-08,41.72,0,0,9.6,0
1590,2019-05-09,34.34,0,0,3.4,0
1591,2019-05-10,0,0,0,0,0
1592,2019-05-11,49.82,0,0,7,0
1593,2019-05-12,55.94,0,0,5.2,0
1594,2019-05-13,62.42,0,0,7.7,0
1595,2019-05-14,66.74,0,0,6.5,0
1596,2019-05-15,66.92,0,0,6.9,0
1597,2019-05-16,66.74,0,0,5.2,0
1598,2019-05-17,55.4,0,0,9.8,0
1599,2019-05-18,50.9,0,0,6.4,0
1600,2019-05-19,42.26,0,0,7.4,0
1601,2019-05-20,37.04,0,0,8,0
1602,2019-05-21,35.42,0,0,5.4,0
1603,2019-05-22,40.46,0,0,2.3,0
1604,2019-05-23,40.64,0,0,2.8,0
1605,2019-05-24,0,0,0,0,0
1606,2019-05-25,59.9,0,0,8.7,0
1607,2019-05-26,0,0,0,0,0
1608,2019-05-27,0,0,0,0,0
1609,2019-05-28,0,0,0,0,0
1610,2019-05-29,0,0,0,0,0
1611,2019-05-30,56.48,0,0,4.8,0
1612,2019-05-31,61.88,0,0,7.5,0
1613,2019-06-01,62.24,0,0,4.1,0
1614,2019-06-02,62.96,0,0,3.9,0
1615,2019-06-03,63.68,0,0,7.1,0
1616,2019-06-04,64.4,0,0,4.1,0
1617,2019-06-05,64.04,0,0,7.1,0
1618,2019-06-06,67.82,0,0,5.9,0
1619,2019-06-07,68.36,0,0,5.4,0
1620,2019-06-08,0,0,0,0,0
1621,2019-06-09,52.7,0,0,8.5,0
1622,2019-06-10,61.7,0,0,7,0
1623,2019-06-11,64.4,0,0,7.4,0
1624,2019-06-12,64.04,0,0,5.3,0
1625,2019-06-13,69.44,0,0,10.4,0
1626,2019-06-14,72.14,0,0,12.8,0
1627,2019-06-15,68.18,0,0,5.8,0
1628,2019-06-16,63.68,0,0,7.2,0
1629,2019-06-17,60.44,0,0,5.1,0
1630,2019-06-18,59.72,0,0,3.2,0
1631,2019-06-19,69.8,0,0,13.5,0
1632,2019-06-20,0,0,0,0,0
1633,2019-06-21,0,0,0,0,0
1634,2019-06-22,0,0,0,0,0
1635,2019-06-23,0,0,0,0,0
1636,2019-06-24,0,0,0,0,0
1637,2019-06-25,0,0,0,0,0
1638,2019-06-26,0,0,0,0,0
1639,2019-06-27,0,0,0,0,0
1640,2019-06-28,0,0,0,0,0
1641,2019-06-29,0,0,0,0,0
1642,2019-06-30,0,0,0,0,0
1643,2019-07-01,0,0,0,0,0
1644,2019-07-02,0,0,0,0,0
1645,2019-07-03,0,0,0,0,0
1646,2019-07-04,0,0,0,0,0
1647,2019-07-05,0,0,0,0,0
1648,2019-07-06,0,0,0,0,0
1649,2019-07-07,0,0,0,0,0
1650,2019-07-08,0,0,0,0,0
1651,2019-07-09,0,0,0,0,0
1652,2019-07-10,0,0,0,0,0
1653,2019-07-11,0,0,0,0,0
1654,2019-07-12,0,0,0,0,0
1655,2019-07-13,0,0,0,0,0
1656,2019-07-14,0,0,0,0,0
1657,2019-07-15,0,0,0,0,0
1658,2019-07-16,0,0,0,0,0
1659,2019-07-17,0,0,0,0,0
1660,2019-07-18,0,0,0,0,0
1661,2019-07-19,0,0,0,0,0
1662,2019-07-20,0,0,0,0,0
1663,2019-07-21,0,0,0,0,0
1664,2019-07-22,0,0,0,0,0
1665,2019-07-23,0,0,0,0,0
1666,2019-07-24,0,0,0,0,0
1667,2019-07-25,0,0,0,0,0
1668,2019-07-26,0,0,0,0,0
1669,2019-07-27,0,0,0,0,0
1670,2019-07-28,0,0,0,0,0
1671,2019-07-29,0,0,0,0,0
1672,2019-07-30,0,0,0,0,0
1673,2019-07-31,0,0,0,0,0
1674,2019-08-01,0,0,0,0,0
1675,2019-08-02,0,0,0,0,0
1676,2019-08-03,0,0,0,0,0
1677,2019-08-04,0,0,0,0,0
1678,2019-08-05,0,0,0,0,0
1679,2019-08-06,0,0,0,0,0
1680,2019-08-07,0,0,0,0,0
1681,2019-08-08,0,0,0,0,0
1682,2019-08-09,0,0,0,0,0
1683,2019-08-10,0,0,0,0,0
1684,2019-08-11,0,0,0,0,0
1685,2019-08-12,0,0,0,0,0
1686,2019-08-13,0,0,0,0,0
1687,2019-08-14,0,0,0,0,0
1688,2019-08-15,0,0,0,0,0
1689,2019-08-16,0,0,0,0,0
1690,2019-08-17,0,0,0,0,0
1691,2019-08-18,0,0,0,0,0
1692,2019-08-19,0,0,0,0,0
1693,2019-08-20,0,0,0,0,0
1694,2019-08-21,0,0,0,0,0
1695,2019-08-22,0,0,0,0,0
1696,2019-08-23,0,0,0,0,0
1697,2019-08-24,0,0,0,0,0
1698,2019-08-25,0,0,0,0,0
1699,2019-08-26,0,0,0,0,0
1700,2019-08-27,0,0,0,0,0
1701,2019-08-28,0,0,0,0,0
1702,2019-08-29,0,0,0,0,0
1703,2019-08-30,0,0,0,0,0
1704,2019-08-31,0,0,0,0,0
1705,2019-09-01,0,0,0,0,0
1706,2019-09-02,0,0,0,0,0
1707,2019-09-03,0,0,0,0,0
1708,2019-09-04,0,0,0,0,0
1709,2019-09-05,0,0,0,0,0
1710,2019-09-06,0,0,0,0,0
1711,2019-09-07,0,0,0,0,0
1712,2019-09-08,0,0,0,0,0
1713,2019-09-09,0,0,0,0,0
1714,2019-09-10,0,0,0,0,0
1715,2019-09-11,0,0,0,0,0
1716,2019-09-12,0,0,0,0,0
1717,2019-09-13,0,0,0,0,0
1718,2019-09-14,0,0,0,0,0
1719,2019-09-15,0,0,0,0,0
1720,2019-09-16,0,0,0,0,0
1721,2019-09-17,0,0,0,0,0
1722,2019-09-18,0,0,0,0,0
1723,2019-09-19,0,0,0,0,0
1724,2019-09-20,0,0,0,0,0
1725,2019-09-21,0,0,0,0,0
1726,2019-09-22,0,0,0,0,0
1727,2019-09-23,0,0,0,0,0
1728,2019-09-24,0,0,0,0,0
1729,2019-09-25,0,0,0,0,0
1730,2019-09-26,0,0,0,0,0
1731,2019-09-27,0,0,0,0,0
1732,2019-09-28,0,0,0,0,0
1733,2019-09-29,0,0,0,0,0
1734,2019-09-30,0,0,0,0,0
1735,2019-10-01,0,0,0,0,0
1736,2019-10-02,0,0,0,0,0
1737,2019-10-03,0,0,0,0,0
1738,2019-10-04,0,0,0,0,0
1739,2019-10-05,0,0,0,0,0
1740,2019-10-06,0,0,0,0,0
1741,2019-10-07,0,0,0,0,0
1742,2019-10-08,0,0,0,0,0
1743,2019-10-09,0,0,0,0,0
1744,2019-10-10,0,0,0,0,0
1745,2019-10-11,0,0,0,0,0
1746,2019-10-12,0,0,0,0,0
1747,2019-10-13,0,0,0,0,0
1748,2019-10-14,0,0,0,0,0
1749,2019-10-15,0,0,0,0,0
1750,2019-10-16,0,0,0,0,0
1751,2019-10-17,0,0,0,0,0
1752,2019-10-18,0,0,0,0,0
1753,2019-10-19,0,0,0,0,0
1754,2019-10-20,0,0,0,0,0
1755,2019-10-21,0,0,0,0,0
1756,2019-10-22,0,0,0,0,0
1757,2019-10-23,0,0,0,0,0
1758,2019-10-24,0,0,0,0,0
1759,2019-10-25,0,0,0,0,0
1760,2019-10-26,0,0,0,0,0
1761,2019-10-27,0,0,0,0,0
1762,2019-10-28,0,0,0,0,0
1763,2019-10-29,0,0,0,0,0
1764,2019-10-30,0,0,0,0,0
1765,2019-10-31,0,0,0,0,0
1766,2019-11-01,0,0,0,0,0
1767,2019-11-02,0,0,0,0,0
1768,2019-11-03,0,0,0,0,0
1769,2019-11-04,0,0,0,0,0
1770,2019-11-05,0,0,0,0,0
1771,2019-11-06,0,0,0,0,0
1772,2019-11-07,0,0,0,0,0
1773,2019-11-08,0,0,0,0,0
1774,2019-11-09,0,0,0,0,0
1775,2019-11-10,0,0,0,0,0
1776,2019-11-11,0,0,0,0,0
1777,2019-11-12,0,0,0,0,0
1778,2019-11-13,0,0,0,0,0
1779,2019-11-14,0,0,0,0,0
1780,2019-11-15,0,0,0,0,0
1781,2019-11-16,0,0,0,0,0
1782,2019-11-17,0,0,0,0,0
1783,2019-11-18,0,0,0,0,0
1784,2019-11-19,0,0,0,0,0
1785,2019-11-20,0,0,0,0,0
1786,2019-11-21,0,0,0,0,0
1787,2019-11-22,0,0,0,0,0
1788,2019-11-23,0,0,0,0,0
1789,2019-11-24,0,0,0,0,0
1790,2019-11-25,0,0,0,0,0
1791,2019-11-26,0,0,0,0,0
1792,2019-11-27,0,0,0,0,0
1793,2019-11-28,0,0,0,0,0
1794,2019-11-29,0,0,0,0,0
1795,2019-11-30,0,0,0,0,0
1796,2019-12-01,0,0,0,0,0
1797,2019-12-02,0,0,0,0,0
1798,2019-12-03,0,0,0,0,0
1799,2019-12-04,0,0,0,0,0
1800,2019-12-05,0,0,0,0,0
1801,2019-12-06,0,0,0,0,0
1802,2019-12-07,0,0,0,0,0
1803,2019-12-08,0,0,0,0,0
1804,2019-12-09,0,0,0,0,0
1805,2019-12-10,0,0,0,0,0
1806,2019-12-11,0,0,0,0,0
1807,2019-12-12,0,0,0,0,0
1808,2019-12-13,0,0,0,0,0
1809,2019-12-14,0,0,0,0,0
1810,2019-12-15,0,0,0,0,0
1811,2019-12-16,0,0,0,0,0
1812,2019-12-17,0,0,0,0,0
1813,2019-12-18,0,0,0,0,0
1814,2019-12-19,0,0,0,0,0
1815,2019-12-20,0,0,0,0,0
1816,2019-12-21,0,0,0,0,0
1817,2019-12-22,0,0,0,0,0
1818,2019-12-23,0,0,0,0,0
1819,2019-12-24,0,0,0,0,0
1820,2019-12-25,0,0,0,0,0
1821,2019-12-26,0,0,0,0,0
1822,2019-12-27,0,0,0,0,0
1823,2019-12-28,0,0,0,0,0
1824,2019-12-29,0,0,0,0,0
1825,2019-12-30,0,0,0,0,0
1826,2019-12-31,0,0,0,0,0
1827,2020-01-01,0,0,0,0,0
1828,2020-01-02,0,0,0,0,0
1829,2020-01-03,0,0,0,0,0
1830,2020-01-04,0,0,0,0,0
1831,2020-01-05,0,0,0,0,0
1832,2020-01-06,0,0,0,0,0
1833,2020-01-07,0,0,0,0,0
1834,2020-01-08,0,0,0,0,0
1835,2020-01-09,0,0,0,0,0
1836,2020-01-10,0,0,0,0,0
1837,2020-01-11,0,0,0,0,0
1838,2020-01-12,0,0,0,0,0
1839,2020-01-13,0,0,0,0,0
1840,2020-01-14,0,0,0,0,0
1841,2020-01-15,35.06,0,0,0,0
1842,2020-01-16,0,0,0,0,0
1843,2020-01-17,34.88,0,0,0,0
1844,2020-01-18,30.56,0,0,0,0
1845,2020-01-19,0,0,0,0,0
1846,2020-01-20,0,0,0,0,0
1847,2020-01-21,38.84,0,0,0,0
1848,2020-01-22,43.7,0,0,0,0
1849,2020-01-23,35.6,0,0,0,0
1850,2020-01-24,35.96,0,0,0,0
1851,2020-01-25,42.44,0,0,0,0
1852,2020-01-26,40.46,0,0,0,0
1853,2020-01-27,36.68,0,0,0,0
1854,2020-01-28,36.86,0,0,0,0
1855,2020-01-29,35.96,0,0,0,0
1856,2020-01-30,31.1,0,0,0,0
1857,2020-01-31,40.28,0,0,0,0
1858,2020-02-01,53.42,0,0,0,0
1859,2020-02-02,55.76,0,0,0,0
1860,2020-02-03,23.9,0,0,0,0
1861,2020-02-04,14.72,0,0,0,0
1862,2020-02-05,16.7,0,0,0,0
1863,2020-02-06,30.56,0,0,0,0
1864,2020-02-07,28.4,0,0,0,0
1865,2020-02-08,34.16,0,0,0,0
1866,2020-02-09,27.5,0,0,0,0
1867,2020-02-10,23.72,0,0,0,0
1868,2020-02-11,21.2,0,0,0,0
1869,2020-02-12,29.3,0,0,0,0
1870,2020-02-13,21.2,0,0,0,0
1871,2020-02-14,32.54,0,0,0,0
1872,2020-02-15,32,0,0,0,0
1873,2020-02-16,33.8,0,0,0,0
1874,2020-02-17,35.06,0,0,0,0
1875,2020-02-18,27.5,0,0,0,0
1876,2020-02-19,22.64,0,0,0,0
1877,2020-02-20,19.76,0,0,0,0
1878,2020-02-21,32.54,0,0,0,0
1879,2020-02-22,44.96,0,0,0,0
1880,2020-02-23,37.76,0,0,0,0
1881,2020-02-24,34.16,0,0,0,0
1882,2020-02-25,26.24,0,0,0,0
1883,2020-02-26,28.04,0,0,0,0
1884,2020-02-27,41.54,0,0,0,0
1885,2020-02-28,46.76,0,0,0,0
1886,2020-02-29,46.22,0,0,0,0
1887,2020-03-01,34.34,0,0,0,0
1888,2020-03-02,33.98,0,0,0,0
1889,2020-03-03,41.36,0,0,0,0
1890,2020-03-04,47.84,0,0,0,0
1891,2020-03-05,41.54,0,0,0,0
1892,2020-03-06,47.3,0,0,0,0
1893,2020-03-07,54.68,0,0,0,0
1894,2020-03-08,0,0,0,0,0
1895,2020-03-09,46.58,0,0,0,0
1896,2020-03-10,48.2,0,0,0,0
1897,2020-03-11,52.16,0,0,0,0
1898,2020-03-12,43.7,0,0,0,0
1899,2020-03-13,33.26,0,0,0,0
1900,2020-03-14,33.08,0,0,0,0
1901,2020-03-15,38.84,0,0,0,0
1902,2020-03-16,42.08,0,0,0,0
1903,2020-03-17,41,0,0,0,0
1904,2020-03-18,47.12,0,0,0,0
1905,2020-03-19,33.98,0,0,0,0
1906,2020-03-20,23.9,0,0,0,0
1907,2020-03-21,0,0,0,0,0
1908,2020-03-22,41.36,0,0,0,0
1909,2020-03-23,43.52,0,0,0,0
1910,2020-03-24,50.9,0,0,0,0
1911,2020-03-25,54.5,0,0,0,0
1912,2020-03-26,43.52,0,0,0,0
1913,2020-03-27,36.68,0,0,0,0
1914,2020-03-28,39.56,0,0,0,0
1915,2020-03-29,44.24,0,0,0,0
1916,2020-03-30,44.96,0,0,0,0
1917,2020-03-31,52.88,0,0,0,0
1918,2020-04-01,53.24,0,0,0,0
1919,2020-04-02,28.76,0,0,0,0
1920,2020-04-03,29.3,0,0,0,0
1921,2020-04-04,43.52,0,0,0,0
1922,2020-04-05,51.26,0,0,0,0
1923,2020-04-06,59.54,0,0,0,0
1924,2020-04-07,59.72,0,0,0,0
1925,2020-04-08,56.84,0,0,0,0
1926,2020-04-09,46.58,0,0,0,0
1927,2020-04-10,55.58,0,0,0,0
1928,2020-04-11,58.1,0,0,0,0
1929,2020-04-12,25.34,0,0,0,0
1930,2020-04-13,22.1,0,0,0,0
1931,2020-04-14,31.64,0,0,0,0
1932,2020-04-15,40.1,0,0,0,0
1933,2020-04-16,27.68,0,0,0,0
1934,2020-04-17,27.68,0,0,0,0
1935,2020-04-18,39.2,0,0,0,0
1936,2020-04-19,44.96,0,0,0,0
1937,2020-04-20,50,0,0,0,0
1938,2020-04-21,53.6,0,0,0,0
1939,2020-04-22,55.94,0,0,0,0
1940,2020-04-23,55.94,0,0,0,0
1941,2020-04-24,48.2,0,0,0,0
1942,2020-04-25,51.8,0,0,0,0
1943,2020-04-26,58.1,0,0,0,0
1944,2020-04-27,64.58,0,0,0,0
1945,2020-04-28,63.32,0,0,0,0
1946,2020-04-29,56.84,0,0,0,0
1947,2020-04-30,62.78,0,0,0,0
1948,2020-05-01,0,0,0,0,0
1949,2020-05-02,0,0,0,0,0
1950,2020-05-03,0,0,0,0,0
1951,2020-05-04,56.66,0,0,0,0
1952,2020-05-05,0,0,0,0,0
1953,2020-05-06,54.14,0,0,0,0
1954,2020-05-07,56.84,0,0,0,0
1955,2020-05-08,47.84,0,0,0,0
1956,2020-05-09,50.9,0,0,0,0
1957,2020-05-10,49.82,0,0,0,0
1958,2020-05-11,41,0,0,0,0
1959,2020-05-12,52.34,0,0,0,0
1960,2020-05-13,61.7,0,0,0,0
1961,2020-05-14,57.74,0,0,0,0
1962,2020-05-15,55.76,0,0,0,0
1963,2020-05-16,59.18,0,0,0,0
1964,2020-05-17,57.74,0,0,0,0
1965,2020-05-18,64.94,0,0,0,0
1966,2020-05-19,71.42,0,0,0,0
1967,2020-05-20,72.5,0,0,0,0
1968,2020-05-21,61.88,0,0,0,0
1969,2020-05-22,66.2,0,0,0,0
1970,2020-05-23,63.86,0,0,0,0
1971,2020-05-24,48.74,0,0,0,0
1972,2020-05-25,52.88,0,0,0,0
1973,2020-05-26,60.62,0,0,0,0
1974,2020-05-27,66.2,0,0,0,0
1975,2020-05-28,61.88,0,0,0,0
1976,2020-05-29,68.54,0,0,0,0
1977,2020-05-30,70.16,0,0,0,0
1978,2020-05-31,70.16,0,0,0,0
1979,2020-06-01,75.56,0,0,0,0
1980,2020-06-02,76.64,0,0,0,0
1981,2020-06-03,73.22,0,0,0,0
1982,2020-06-04,74.48,0,0,0,0
1983,2020-06-05,77.9,0,0,0,0
1984,2020-06-06,69.44,0,0,0,0
1985,2020-06-07,69.98,0,0,0,0
1986,2020-06-08,62.42,0,0,0,0
1987,2020-06-09,55.76,0,0,0,0
1988,2020-06-10,64.4,0,0,0,0
1989,2020-06-11,69.98,0,0,0,0
1990,2020-06-12,0,0,0,0,0
1991,2020-06-13,70.34,0,0,0,0
1992,2020-06-14,78.26,0,0,0,0
1993,2020-06-15,75.74,0,0,0,0
1994,2020-06-16,78.62,0,0,0,0
1995,2020-06-17,75.56,0,0,0,0
1996,2020-06-18,58.46,0,0,0,0
1997,2020-06-19,57.02,0,0,0,0
1998,2020-06-20,66.56,0,0,0,0
1999,2020-06-21,70.16,0,0,0,0
2000,2020-06-22,67.82,0,0,0,0
2001,2020-06-23,70.16,0,0,0,0
2002,2020-06-24,72.14,0,0,0,0
2003,2020-06-25,74.84,0,0,0,0
2004,2020-06-26,66.38,0,0,0,0
2005,2020-06-27,74.84,0,0,0,0
2006,2020-06-28,72.5,0,0,0,0
2007,2020-06-29,77,0,0,0,0
2008,2020-06-30,70.16,0,0,0,0
2009,2020-07-01,72.68,0,0,0,0
2010,2020-07-02,74.84,0,0,0,0
2011,2020-07-03,75.2,0,0,0,0
2012,2020-07-04,72.14,0,0,0,0
2013,2020-07-05,73.58,0,0,0,0
2014,2020-07-06,77.18,0,0,0,0
2015,2020-07-07,78.26,0,0,0,0
2016,2020-07-08,79.52,0,0,0,0
2017,2020-07-09,77.9,0,0,0,0
2018,2020-07-10,79.7,0,0,0,0
2019,2020-07-11,78.8,0,0,0,0
2020,2020-07-12,78.8,0,0,0,0
2021,2020-07-13,80.6,0,0,0,0
2022,2020-07-14,69.62,0,0,0,0
2023,2020-07-15,68.72,0,0,0,0
2024,2020-07-16,76.28,0,0,0,0
2025,2020-07-17,80.42,0,0,0,0
2026,2020-07-18,0,0,0,0,0
2027,2020-07-19,75.2,0,0,0,0
2028,2020-07-20,76.1,0,0,0,0
2029,2020-07-21,72.14,0,0,0,0
2030,2020-07-22,0,0,0,0,0
2031,2020-07-23,0,0,0,0,0
2032,2020-07-24,71.96,0,0,0,0
2033,2020-07-25,0,0,0,0,0
2034,2020-07-26,70.34,0,0,0,0
2035,2020-07-27,72.68,0,0,0,0
2036,2020-07-28,69.98,0,0,0,0
2037,2020-07-29,0,0,0,0,0
2038,2020-07-30,0,0,0,0,0
2039,2020-07-31,0,0,0,0,0
2040,2020-08-01,0,0,0,0,0
2041,2020-08-02,0,0,0,0,0
2042,2020-08-03,0,0,0,0,0
2043,2020-08-04,0,0,0,0,0
2044,2020-08-05,0,0,0,0,0
2045,2020-08-06,74.3,0,0,0,0
2046,2020-08-07,79.16,0,0,0,0
2047,2020-08-08,81.32,0,0,0,0
2048,2020-08-09,84.02,0,0,0,0
2049,2020-08-10,73.22,0,0,0,0
2050,2020-08-11,0,0,0,0,0
2051,2020-08-12,74.12,0,0,0,0
2052,2020-08-13,79.34,0,0,0,0
2053,2020-08-14,76.28,0,0,0,0
2054,2020-08-15,0,0,0,0,0
2055,2020-08-16,0,0,0,0,0
2056,2020-08-17,0,0,0,0,0
2057,2020-08-18,0,0,0,0,0
2058,2020-08-19,0,0,0,0,0
2059,2020-08-20,0,0,0,0,0
2060,2020-08-21,0,0,0,0,0
2061,2020-08-22,0,0,0,0,0
2062,2020-08-23,77.9,0,0,0,0
2063,2020-08-24,81.5,0,0,0,0
2064,2020-08-25,0,0,0,0,0
2065,2020-08-26,0,0,0,0,0
2066,2020-08-27,0,0,0,0,0
2067,2020-08-28,0,0,0,0,0
2068,2020-08-29,63.68,0,0,0,0
2069,2020-08-30,0,0,0,0,0
2070,2020-08-31,0,0,0,0,0
2071,2020-09-01,0,0,0,0,0
2072,2020-09-02,0,0,0,0,0
2073,2020-09-03,0,0,0,0,0
2074,2020-09-04,0,0,0,0,0
2075,2020-09-05,80.24,0,0,0,0
2076,2020-09-06,0,0,0,0,0
2077,2020-09-07,0,0,0,0,0
2078,2020-09-08,0,0,0,0,0
2079,2020-09-09,0,0,0,0,0
2080,2020-09-10,0,0,0,0,0
2081,2020-09-11,0,0,0,0,0
2082,2020-09-12,0,0,0,0,0
2083,2020-09-13,0,0,0,0,0
2084,2020-09-14,0,0,0,0,0
2085,2020-09-15,73.22,0,0,0,0
2086,2020-09-16,65.48,0,0,0,0
2087,2020-09-17,0,0,0,0,0
2088,2020-09-18,0,0,0,0,0
2089,2020-09-19,0,0,0,0,0
2090,2020-09-20,0,0,0,0,0
2091,2020-09-21,0,0,0,0,0
2092,2020-09-22,69.8,0,0,0,0
2093,2020-09-23,71.42,0,0,0,0
2094,2020-09-24,71.6,0,0,0,0
2095,2020-09-25,70.34,0,0,0,0
2096,2020-09-26,73.4,0,0,0,0
2097,2020-09-27,50.9,0,0,0,0
2098,2020-09-28,50.54,0,0,0,0
2099,2020-09-29,64.22,0,0,0,0
2100,2020-09-30,60.98,0,0,0,0
2101,2020-10-01,54.5,0,0,0,0
2102,2020-10-02,59.18,0,0,0,0
2103,2020-10-03,54.5,0,0,0,0
2104,2020-10-04,61.7,0,0,0,0
2105,2020-10-05,65.48,0,0,0,0
2106,2020-10-06,63.32,0,0,0,0
2107,2020-10-07,64.4,0,0,0,0
2108,2020-10-08,64.22,0,0,0,0
2109,2020-10-09,67.1,0,0,0,0
2110,2020-10-10,63.68,0,0,0,0
2111,2020-10-11,59.9,0,0,0,0
2112,2020-10-12,61.7,0,0,0,0
2113,2020-10-13,61.7,0,0,0,0
2114,2020-10-14,64.22,0,0,0,0
2115,2020-10-15,43.7,0,0,0,0
2116,2020-10-16,48.38,0,0,0,0
2117,2020-10-17,62.6,0,0,0,0
2118,2020-10-18,37.22,0,0,0,0
2119,2020-10-19,0,0,0,0,0
2120,2020-10-20,49.46,0,0,0,0
2121,2020-10-21,46.94,0,0,0,0
2122,2020-10-22,35.96,0,0,0,0
2123,2020-10-23,27.14,0,0,0,0
2124,2020-10-24,33.26,0,0,0,0
2125,2020-10-25,15.8,0,0,0,0
2126,2020-10-26,12.2,0,0,0,0
2127,2020-10-27,25.88,0,0,0,0
2128,2020-10-28,0,0,0,0,0
2129,2020-10-29,43.88,0,0,0,0
2130,2020-10-30,50,0,0,0,0
2131,2020-10-31,52.88,0,0,0,0
2132,2020-11-01,44.24,0,0,0,0
2133,2020-11-02,54.14,0,0,0,0
2134,2020-11-03,56.84,0,0,0,0
2135,2020-11-04,62.78,0,0,0,0
2136,2020-11-05,57.92,0,0,0,0
2137,2020-11-06,54.86,0,0,0,0
2138,2020-11-07,55.22,0,0,0,0
2139,2020-11-08,50.54,0,0,0,0
2140,2020-11-09,32.72,0,0,0,0
2141,2020-11-10,33.62,0,0,0,0
2142,2020-11-11,38.3,0,0,0,0
2143,2020-11-12,36.14,0,0,0,0
2144,2020-11-13,44.78,0,0,0,0
2145,2020-11-14,0,0,0,0,0
2146,2020-11-15,48.2,0,0,0,0
2147,2020-11-16,53.96,0,0,0,0
2148,2020-11-17,50.9,0,0,0,0
2149,2020-11-18,64.94,0,0,0,0
2150,2020-11-19,49.1,0,0,0,0
2151,2020-11-20,43.34,0,0,0,0
2152,2020-11-21,36.68,0,0,0,0
2153,2020-11-22,34.16,0,0,0,0
2154,2020-11-23,41,0,0,0,0
2155,2020-11-24,33.8,0,0,0,0
2156,2020-11-25,34.88,0,0,0,0
2157,2020-11-26,36.32,0,0,0,0
2158,2020-11-27,32.54,0,0,0,0
2159,2020-11-28,40.28,0,0,0,0
2160,2020-11-29,33.26,0,0,0,0
2161,2020-11-30,39.38,0,0,0,0
2162,2020-12-01,36.5,0,0,0,0
2163,2020-12-02,27.32,0,0,0,0
2164,2020-12-03,35.06,0,0,0,0
2165,2020-12-04,42.8,0,0,0,0
2166,2020-12-05,40.82,0,0,0,0
2167,2020-12-06,42.44,0,0,0,0
2168,2020-12-07,44.6,0,0,0,0
2169,2020-12-08,43.16,0,0,0,0
2170,2020-12-09,46.04,0,0,0,0
2171,2020-12-10,37.04,0,0,0,0
2172,2020-12-11,25.7,0,0,0,0
2173,2020-12-12,23.54,0,0,0,0
2174,2020-12-13,22.1,0,0,0,0
2175,2020-12-14,24.8,0,0,0,0
2176,2020-12-15,26.6,0,0,0,0
2177,2020-12-16,33.8,0,0,8.9,292
2178,2020-12-17,33.8,0,0,5.7,347
2179,2020-12-18,33.44,0,0,4.7,128
2180,2020-12-19,33.8,0,0,10.1,312
2181,2020-12-20,44.24,0,0,11,265
2182,2020-12-21,50.18,0,0,22.6,249
2183,2020-12-22,44.96,0,0,0,0
2184,2020-12-23,27.86,0,0,14.1,326
2185,2020-12-24,41.54,0,0,15.6,253
2186,2020-12-25,40.64,0,0,2.4,356
2187,2020-12-26,46.94,0,0,11.3,333
2188,2020-12-27,39.38,0,0,14.2,290
2189,2020-12-28,29.66,0,0,1.9,5
2190,2020-12-29,29.3,0,0,3.3,39
2191,2020-12-30,24.26,0,0,3.2,357
2192,2020-12-31,31.46,0,0,0,0
2193,2021-01-01,33.44,0,0,4,356
2194,2021-01-02,33.8,1014.6,0,12.6,318
2195,2021-01-03,42.62,1011.7,0,15.2,328
2196,2021-01-04,43.34,1017.2,0,12.5,292
2197,2021-01-05,39.38,1012.6,0,13.1,317
2198,2021-01-06,31.64,1023,0,3.4,348
2199,2021-01-07,32.9,1021.2,0,3.5,354
2200,2021-01-08,35.24,1024.5,0,7.2,335
2201,2021-01-09,30.02,1028.2,0,3.7,353
2202,2021-01-10,28.04,1029.4,0,3,3
2203,2021-01-11,27.14,1023.6,0,2.4,354
2204,2021-01-12,34.34,1018.4,0,5.6,289
2205,2021-01-13,53.24,1010,0,17.4,283
2206,2021-01-14,33.8,1022.9,0,15.1,110
2207,2021-01-15,33.26,1020.4,0,7.6,151
2208,2021-01-16,41,1017.5,0,8.2,46
2209,2021-01-17,39.2,1015.6,0,6.1,359
2210,2021-01-18,34.34,1019.7,0,7.5,136
2211,2021-01-19,30.56,1031.7,0,3.1,30
2212,2021-01-20,38.48,1014.3,0,7.7,142
2213,2021-01-21,41.18,1013.9,0,9.3,329
2214,2021-01-22,33.08,1014.4,0,4.1,339
2215,2021-01-23,30.74,1010.6,0,5.1,32
2216,2021-01-24,28.04,1014.6,0,2.1,1
2217,2021-01-25,27.68,1009.4,0,7,32
2218,2021-01-26,21.02,1016.7,0,6.1,19
2219,2021-01-27,18.14,1021.9,0,1.8,350
2220,2021-01-28,29.66,1016.6,0,3.2,354
2221,2021-01-29,39.56,1005.6,0,5.5,320
2222,2021-01-30,42.08,1010,0,12.8,306
2223,2021-01-31,38.12,1027.4,0,4.8,344
2224,2021-02-01,37.22,1020.9,0,3.1,331
2225,2021-02-02,46.94,1014,0,7.6,295
2226,2021-02-03,47.3,1004.9,0,16.1,282
2227,2021-02-04,33.44,1016.7,0,16.5,302
2228,2021-02-05,35.96,1010.5,0,13,282
2229,2021-02-06,34.16,1010.1,0,10.9,357
2230,2021-02-07,35.42,1006.4,0,19.2,313
2231,2021-02-08,19.04,1013.7,0,5.5,46
2232,2021-02-09,19.04,1019.9,0,3.6,13
2233,2021-02-10,19.76,1019.5,0,5.7,40
2234,2021-02-11,16.16,1021.6,0,7.6,35
2235,2021-02-12,6.26,1029.4,0,9.4,23
2236,2021-02-13,1.76,1029.9,0,8.2,37
2237,2021-02-14,-2.74,1036.7,0,6.8,38
2238,2021-02-15,4.46,1022.5,0,3.1,19
2239,2021-02-16,22.46,1004.3,0,4.6,335
2240,2021-02-17,27.32,1016.9,0,4.7,18
2241,2021-02-18,23.9,1028.7,0,3.4,355
2242,2021-02-19,30.2,1019.5,0,8.8,357
2243,2021-02-20,34.34,1011.8,0,6.8,331
2244,2021-02-21,35.24,1019.6,0,16.7,277
2245,2021-02-22,46.4,1016.5,0,17.2,255
2246,2021-02-23,48.74,1009,0,14.4,266
2247,2021-02-24,30.38,1025.4,0,10.2,22
2248,2021-02-25,24.98,1027.9,0,2.8,2
2249,2021-02-26,32,1010,0,11.8,259
2250,2021-02-27,32,1012.9,0,9.9,326
2251,2021-02-28,30.02,1023.9,0,8.2,286
2252,2021-03-01,34.7,1026.3,0,2.4,354
2253,2021-03-02,44.6,1014.4,0,5.1,346
2254,2021-03-03,46.04,1014.7,0,5.1,343
2255,2021-03-04,39.2,1017.6,0,8.7,334
2256,2021-03-05,47.48,1023.7,0,8.2,206
2257,2021-03-06,48.56,1014.7,0,7.1,350
2258,2021-03-07,55.58,1013.9,0,7,331
2259,2021-03-08,49.64,1012.6,0,5.2,351
2260,2021-03-09,50.9,1005.8,0,8.3,358
2261,2021-03-10,37.4,1009.3,0,10.2,326
2262,2021-03-11,35.42,1019.3,0,5.9,346
2263,2021-03-12,36.68,1024.3,0,1.2,358
2264,2021-03-13,33.8,1019.7,0,8.3,3
2265,2021-03-14,0,0,0,0,0
2266,2021-03-15,28.22,1010.8,0,5.3,343
2267,2021-03-16,30.56,1013.7,0,4.5,24
2268,2021-03-17,35.24,1020,0,3.3,24
2269,2021-03-18,33.98,1024.6,0,2.6,354
2270,2021-03-19,40.64,1021.5,0,2.4,11
2271,2021-03-20,44.96,1011.6,0,3.6,5
2272,2021-03-21,39.2,1014,0,7.2,59
2273,2021-03-22,33.62,1012.6,0,2.5,355
2274,2021-03-23,35.6,1011.3,0,9.9,357
2275,2021-03-24,34.34,1012.6,0,6.4,30
2276,2021-03-25,38.66,1003.7,0,6.3,348
2277,2021-03-26,39.74,1009.2,0,5.2,318
2278,2021-03-27,41.36,1020.6,0,8,60
2279,2021-03-28,48.2,1019.1,0,9.3,278
2280,2021-03-29,57.74,1001.6,0,23.9,229
2281,2021-03-30,33.26,1021.7,0,9.9,131
2282,2021-03-31,38.84,1030.7,0,4.5,14
2283,2021-04-01,48.74,1023,0,6.4,69
2284,2021-04-02,57.2,1014.2,0,6.1,64
2285,2021-04-03,61.16,1017.6,0,6.8,2
2286,2021-04-04,64.22,1013.6,0,9.9,281
2287,2021-04-05,64.94,1002.7,0,9.3,305
2288,2021-04-06,46.4,1005.4,0,9.5,12
2289,2021-04-07,46.4,1014.3,0,9.6,333
2290,2021-04-08,56.66,1008.8,0,15.4,270
2291,2021-04-09,46.04,1014.4,0,11.1,18
2292,2021-04-10,49.46,1010.8,0,8.4,314
2293,2021-04-11,49.1,1010.6,0,9.9,68
2294,2021-04-12,35.24,1019.4,0,5,359
2295,2021-04-13,34.34,1022.3,0,7.2,354
2296,2021-04-14,33.8,1021.3,0,6.8,351
2297,2021-04-15,33.8,1015.8,0,9.5,1
2298,2021-04-16,31.82,1021.6,0,3,350
2299,2021-04-17,36.68,1023.2,0,4,337
2300,2021-04-18,45.14,1020.1,0,9.9,252
2301,2021-04-19,34.34,1018.2,0,9.6,33
2302,2021-04-20,27.14,1023.4,0,4.5,24
2303,2021-04-21,31.28,1020.4,0,4.2,1
2304,2021-04-22,38.66,1009.1,0,5.6,356
2305,2021-04-23,45.86,1011.2,0,9.7,302
2306,2021-04-24,46.22,1012.6,0,4.1,5
2307,2021-04-25,60.08,1005.3,0,6.6,314
2308,2021-04-26,64.04,1001.8,0,13.3,216
2309,2021-04-27,49.64,1010.5,0,11.1,337
2310,2021-04-28,48.2,1019.5,0,3.4,334
2311,2021-04-29,55.94,1025.5,0,6.2,209
2312,2021-04-30,64.58,1022.8,0,6.5,58
2313,2021-05-01,71.6,1010.8,0,9.4,169
2314,2021-05-02,56.84,1006.7,0,10.3,349
2315,2021-05-03,39.56,1018.1,0,6,335
2316,2021-05-04,46.4,1018.4,0,3.9,355
2317,2021-05-05,49.28,1023,0,5.1,7
2318,2021-05-06,53.24,1025,0,4.2,356
2319,2021-05-07,65.48,1014.1,0,6.6,152
2320,2021-05-08,60.8,1008.5,0,15.6,275
2321,2021-05-09,44.6,1018.3,0,10.1,118
2322,2021-05-10,39.2,1018.9,0,12.8,354
2323,2021-05-11,37.4,1023.5,0,7.5,8
2324,2021-05-12,49.28,1024.1,0,4.8,26
2325,2021-05-13,57.38,1020.9,0,4.6,15
2326,2021-05-14,57.2,1019.8,0,4.9,345
2327,2021-05-15,55.58,1017.3,0,5.3,345
2328,2021-05-16,54.86,1017,0,3.6,14
2329,2021-05-17,54.14,1016.3,0,3.8,357
2330,2021-05-18,53.96,1014.5,0,5.1,22
2331,2021-05-19,55.04,1008,0,4.8,296
2332,2021-05-20,58.46,1003.9,0,5.9,272
2333,2021-05-21,62.78,1007,0,14.5,195
2334,2021-05-22,54.14,1019.8,0,6.2,5
2335,2021-05-23,59.54,1015,0,10.1,324
2336,2021-05-24,57.74,1017.3,0,6.4,34
2337,2021-05-25,64.04,1018.9,0,8.8,332
2338,2021-05-26,62.42,1017.3,0,6.3,341
2339,2021-05-27,61.34,1020.2,0,7.5,46
2340,2021-05-28,62.06,1018.2,0,5.9,354
2341,2021-05-29,59.18,1018.5,0,7.2,34
2342,2021-05-30,51.08,1023.5,0,8.9,5
2343,2021-05-31,51.62,1025.5,0,2.4,350
2344,2021-06-01,55.94,1022.7,0,5.4,328
2345,2021-06-02,62.42,1019.8,0,2.5,25
2346,2021-06-03,68.36,1018.5,0,3,8
2347,2021-06-04,72.5,1017,0,3.2,8
2348,2021-06-05,74.84,1012.5,0,7.7,322
2349,2021-06-06,74.84,1011.6,0,10.6,277
2350,2021-06-07,70.34,1012.9,0,4.7,352
2351,2021-06-08,74.12,1013.7,0,5.5,335
2352,2021-06-09,74.84,1019.6,0,5.3,31
2353,2021-06-10,74.66,1013.3,0,6.7,334
2354,2021-06-11,68.9,1019.1,0,10.5,142
2355,2021-06-12,69.44,1020,0,4.1,348
2356,2021-06-13,75.38,1021,0,4.7,17
2357,2021-06-14,78.44,1021.6,0,5.7,358
2358,2021-06-15,80.42,1021.5,0,6.5,321
2359,2021-06-16,84.74,1021,0,5.8,331
2360,2021-06-17,82.4,1018,0,6.1,348
2361,2021-06-18,79.16,1018,0,6.3,5
2362,2021-06-19,73.58,1014.8,0,6.3,4
2363,2021-06-20,72.5,1015.3,0,10.4,10
2364,2021-06-21,60.26,1022.8,0,5.1,102
2365,2021-06-22,73.04,1014.1,0,5,16
2366,2021-06-23,79.88,1014.4,0,8.2,311
2367,2021-06-24,73.94,1017.5,0,10.9,313
2368,2021-06-25,63.14,1017.8,0,5.4,351
2369,2021-06-26,60.26,1021.6,0,7.5,254
2370,2021-06-27,61.16,1023.2,0,6.9,275
2371,2021-06-28,63.32,1025,0,7,338
2372,2021-06-29,64.22,1025,0,6.5,327
2373,2021-06-30,67.82,1022.6,0,5.4,336
2374,2021-07-01,65.84,1022.7,0,5.5,348
2375,2021-07-02,68,1021.7,0,3.4,355
2376,2021-07-03,71.78,1019.5,0,5.6,346
2377,2021-07-04,73.4,1019.8,0,5.5,341
2378,2021-07-05,73.4,1020.2,0,7.2,335
2379,2021-07-06,73.04,1023.2,0,5.9,51
2380,2021-07-07,75.74,1021.4,0,6.8,150
2381,2021-07-08,79.34,1016.4,0,9.5,323
2382,2021-07-09,82.76,1018.5,0,8.1,273
2383,2021-07-10,73.94,1025,0,6.4,32
2384,2021-07-11,71.24,1023.8,0,2.2,10
2385,2021-07-12,73.58,1021.7,0,2.8,355
2386,2021-07-13,74.12,1020.5,0,9.8,263
2387,2021-07-14,68.18,1020.5,0,4,0
2388,2021-07-15,69.8,1020.2,0,2.8,358
2389,2021-07-16,74.66,1018.8,0,7.8,326
2390,2021-07-17,75.56,1022.4,0,7.2,336
2391,2021-07-18,76.1,1025.8,0,5.6,5
2392,2021-07-19,78.98,1025.8,0,4.6,346
2393,2021-07-20,77.72,1022,0,2.8,6
2394,2021-07-21,76.1,1020.8,0,5.7,12
2395,2021-07-22,80.24,1019.9,0,7.1,322
2396,2021-07-23,77.9,1021.3,0,5.8,22
2397,2021-07-24,76.82,1023.4,0,4.5,360
2398,2021-07-25,76.64,1021.7,0,5.6,1
2399,2021-07-26,77.54,1020.4,0,3.5,2
2400,2021-07-27,78.8,1021.9,0,4.5,37
2401,2021-07-28,80.96,1021,0,4.1,346
2402,2021-07-29,78.8,1023,0,6.1,2
2403,2021-07-30,76.82,1023.5,0,7.2,16
2404,2021-07-31,65.48,1028.8,0,7.8,339
2405,2021-08-01,70.34,1029.2,0,3.8,348
2406,2021-08-02,72.14,1024.8,0,5.2,333
2407,2021-08-03,70.7,1022.8,0,8.6,300
2408,2021-08-04,70.34,1023.8,0,4.5,351
2409,2021-08-05,76.82,1021.8,0,6,105
2410,2021-08-06,75.38,1016.7,0,4.1,340
2411,2021-08-07,72.5,1017.4,0,10.2,290
2412,2021-08-08,77.9,1016.2,0,6.2,85
2413,2021-08-09,81.5,1016.3,0,6.5,5
2414,2021-08-10,77.54,1018.9,0,7.5,311
2415,2021-08-11,78.26,1019.2,0,8.4,322
2416,2021-08-12,76.1,1022.6,0,7.8,1
2417,2021-08-13,71.96,1026.3,0,6.1,341
2418,2021-08-14,75.56,1024.2,0,4.1,16
2419,2021-08-15,76.28,1021.3,0,7.3,308
2420,2021-08-16,77,1018.2,0,6,11
2421,2021-08-17,77,1013.8,0,6.5,341
2422,2021-08-18,76.82,1013.3,0,5.3,5
2423,2021-08-19,68.54,1014.9,0,6.3,351
2424,2021-08-20,66.38,1015.9,0,12.9,313
2425,2021-08-21,65.12,1018.4,0,5.4,344
2426,2021-08-22,71.78,1015.4,0,5.4,327
2427,2021-08-23,76.1,1017,0,6.7,273
2428,2021-08-24,76.64,1018.3,0,7,342
2429,2021-08-25,71.96,1023.4,0,4.2,0
2430,2021-08-26,70.88,1020.6,0,5.6,1
2431,2021-08-27,76.64,1016.1,0,8.8,1
2432,2021-08-28,73.4,1017.7,0,7.4,356
2433,2021-08-29,69.44,1022.5,0,7,49
2434,2021-08-30,73.76,1015.9,0,4.6,12
2435,2021-08-31,78.44,1013,0,5.8,5
2436,2021-09-01,71.96,1012.8,0,5.2,349
2437,2021-09-02,69.62,1016.9,0,6.7,304
2438,2021-09-03,67.64,1020.3,0,6.5,348
2439,2021-09-04,68,1021.6,0,5.5,23
2440,2021-09-05,72.32,1022.1,0,6.9,359
2441,2021-09-06,76.28,1020.3,0,6.7,13
2442,2021-09-07,71.96,1023.5,0,5.7,25
2443,2021-09-08,69.8,1023.6,0,3.8,359
2444,2021-09-09,73.76,1021.8,0,4.1,7
2445,2021-09-10,78.44,1020.3,0,4.5,351
2446,2021-09-11,77.54,1020.4,0,7,14
2447,2021-09-12,69.8,1022,0,5.3,5
2448,2021-09-13,69.8,1018.2,0,4.9,16
2449,2021-09-14,65.66,1019.9,0,8.6,320
2450,2021-09-15,69.8,1015.9,0,4.3,11
2451,2021-09-16,76.64,1013.3,0,7.7,233
2452,2021-09-17,59,1024.8,0,6.6,24
2453,2021-09-18,68.54,1020,0,3.8,7
2454,2021-09-19,76.46,1012.5,0,15.8,249
2455,2021-09-20,59.72,1020.4,0,11.9,36
2456,2021-09-21,52.34,1032.2,0,4.2,47
2457,2021-09-22,60.62,1026,0,5.2,57
2458,2021-09-23,66.56,1020,0,5.1,340
2459,2021-09-24,60.8,1023.5,0,6.7,354
2460,2021-09-25,66.74,1019.8,0,3.9,41
2461,2021-09-26,71.78,1016.7,0,6.4,339
2462,2021-09-27,71.78,1016.3,0,3.4,6
2463,2021-09-28,68.72,1010.6,0,7.4,355
2464,2021-09-29,56.84,1016,0,7.3,40
2465,2021-09-30,48.56,1026.2,0,2.9,6
2466,2021-10-01,54.86,1023,0,3.3,0
2467,2021-10-02,59.36,1024,0,2.8,5
2468,2021-10-03,62.24,1023,0,5.3,50
2469,2021-10-04,65.3,1024,0,6,319
2470,2021-10-05,62.78,1022.5,0,2.6,6
2471,2021-10-06,61.7,1017.5,0,4.4,344
2472,2021-10-07,65.12,1018.5,0,3.6,6
2473,2021-10-08,62.24,1016.9,0,6,3
2474,2021-10-09,58.64,1011.7,0,17.6,267
2475,2021-10-10,54.86,1013.4,0,8.3,278
2476,2021-10-11,55.58,1009.2,0,6.5,34
2477,2021-10-12,44.78,1004.1,0,9.8,4
2478,2021-10-13,45.86,1006.2,0,9,128
2479,2021-10-14,39.02,1015.5,0,7.1,355
2480,2021-10-15,43.16,1024.1,0,10.3,301
2481,2021-10-16,48.92,1026.3,0,2.8,356
2482,2021-10-17,54.68,1020,0,3.1,332
2483,2021-10-18,57.38,1010.8,0,5,350
2484,2021-10-19,47.84,1012.6,0,5.9,45
2485,2021-10-20,44.6,1022.5,0,3.1,19
2486,2021-10-21,45.68,1024,0,3.6,341
2487,2021-10-22,53.96,1017,0,3.7,341
2488,2021-10-23,56.12,1008.2,0,7.5,344
2489,2021-10-24,53.6,1011.8,0,6.9,353
2490,2021-10-25,51.8,1010.7,0,2.9,8
2491,2021-10-26,49.1,1002,0,8.3,298
2492,2021-10-27,47.84,1014.2,0,22.4,299
2493,2021-10-28,45.5,1023.2,0,6.6,90
2494,2021-10-29,54.86,1019.6,0,6.9,306
2495,2021-10-30,55.94,1017.4,0,8.9,0
2496,2021-10-31,39.56,1022.8,0,7,12
2497,2021-11-01,35.42,1024.4,0,5.5,10
2498,2021-11-02,38.3,1024,0,1.2,1
2499,2021-11-03,45.86,1024.3,0,2.5,14
2500,2021-11-04,48.92,1019.2,0,3.1,341
2501,2021-11-05,59,1017.8,0,6.1,7
2502,2021-11-06,55.58,1018,0,7.1,328
2503,2021-11-07,62.6,1015.4,0,9.6,234
2504,2021-11-08,41.9,1023,0,3.9,7
2505,2021-11-09,41.54,1018.6,0,2.1,356
2506,2021-11-10,49.64,1015.1,0,22.7,290
2507,2021-11-11,43.52,1018.7,0,17,325
2508,2021-11-12,40.1,1023.4,0,3,24
2509,2021-11-13,56.48,1019.8,0,15.5,291
2510,2021-11-14,51.98,1019.6,0,23.4,251
2511,2021-11-15,65.3,1017.7,0,19,262
2512,2021-11-16,62.24,1008.8,0,13.2,167
2513,2021-11-17,31.82,1024.6,0,6.3,45
2514,2021-11-18,32.54,1023.2,0,3,353
2515,2021-11-19,47.48,1015.3,0,6.1,336
2516,2021-11-20,44.6,1019.8,0,4.6,346
2517,2021-11-21,42.26,1026.7,0,6.1,356
2518,2021-11-22,45.68,1022.3,0,5,359
2519,2021-11-23,51.08,1008.8,0,11,276
2520,2021-11-24,41,1018.9,0,10.2,115
2521,2021-11-25,41.36,1026.3,0,8.9,282
2522,2021-11-26,54.5,1019.3,0,8.4,286
2523,2021-11-27,46.76,1022.4,0,7.9,134
2524,2021-11-28,48.2,1022.4,0,6.6,291
2525,2021-11-29,60.8,1019.7,0,8.1,236
2526,2021-11-30,51.8,1020.9,0,11.4,272
2527,2021-12-01,58.1,1020.1,0,14,273
2528,2021-12-02,58.64,1019.1,0,5.6,324
2529,2021-12-03,47.3,1020.6,0,6.8,349
2530,2021-12-04,46.4,1016.5,0,3.5,342
2531,2021-12-05,47.66,1014,0,11.7,55
2532,2021-12-06,25.34,1016.7,0,4.8,18
2533,2021-12-07,39.2,1010.5,0,7.9,305
2534,2021-12-08,41.54,1005.8,0,8.3,322
2535,2021-12-09,43.52,1002.9,0,8.5,333
2536,2021-12-10,31.1,1005.6,0,12.3,324
2537,2021-12-11,34.16,1012.5,0,6,357
2538,2021-12-12,47.12,1011.3,0,13.7,266
2539,2021-12-13,41.54,1015.7,0,3.6,353
2540,2021-12-14,42.44,1009.5,0,3.6,21
2541,2021-12-15,41.18,999.3,0,20.7,249
2542,2021-12-16,36.14,1010.3,0,16.8,288
2543,2021-12-17,34.16,1015.1,0,12.1,263
2544,2021-12-18,23.9,1021.1,0,1.5,358
2545,2021-12-19,41,1015.7,0,6.8,3
2546,2021-12-20,46.94,1017.3,0,10.3,245
2547,2021-12-21,45.68,1014.3,0,10.2,115
2548,2021-12-22,51.08,1011.8,0,10.2,153
2549,2021-12-23,54.14,1005.6,0,19.1,241
2550,2021-12-24,43.7,999.5,0,6.4,250
2551,2021-12-25,44.78,1007.1,0,13.7,244
2552,2021-12-26,37.04,1000.7,0,12.8,250
2553,2021-12-27,33.08,1001.1,0,6.9,346
2554,2021-12-28,30.38,998.1,0,10.6,150
2555,2021-12-29,23.54,1003,0,4,28
2556,2021-12-30,37.76,997.6,0,31.3,241
2557,2021-12-31,30.92,1000.3,0,11.2,71
2558,2022-01-01,8.78,1012.3,0,3.6,14
2559,2022-01-02,20.66,1022.3,0,7,248
2560,2022-01-03,28.76,1013.9,0,6.6,210
2561,2022-01-04,32.36,1008.3,0,14.4,262
2562,2022-01-05,15.08,1021,0,8.3,26
2563,2022-01-06,6.98,1021.1,0,4.4,271
2564,2022-01-07,38.48,1003.4,0,14.6,231
2565,2022-01-08,41.9,1010.8,0,8,157
2566,2022-01-09,27.32,1029.8,0,3.2,355
2567,2022-01-10,34.16,1031,0,1.7,350
2568,2022-01-11,35.96,1024.3,0,5.2,324
2569,2022-01-12,43.34,1023.4,0,7.7,316
2570,2022-01-13,44.24,1020.3,0,4,346
2571,2022-01-14,36.14,1021.5,0,9.5,25
2572,2022-01-15,35.42,1023.9,0,6.5,315
2573,2022-01-16,42.26,1018.3,0,11.8,339
2574,2022-01-17,37.58,1013.2,0,2.8,3
2575,2022-01-18,38.66,1011.3,0,4.9,280
2576,2022-01-19,24.98,1023.2,0,8.7,59
2577,2022-01-20,23.54,1021.7,0,0.8,359
2578,2022-01-21,30.02,1020.5,0,2.4,345
2579,2022-01-22,31.46,1024.1,0,1.9,351
2580,2022-01-23,36.86,1018.1,0,4.8,325
2581,2022-01-24,38.3,1013.5,0,8.5,342
2582,2022-01-25,27.32,1020.9,0,8.5,352
2583,2022-01-26,23.18,1017.1,0,2.5,352
2584,2022-01-27,26.42,1026.7,0,5.6,354
2585,2022-01-28,32.54,1026.7,0,6.8,258
2586,2022-01-29,38.66,1021,0,4.8,339
2587,2022-01-30,34.7,1016.7,0,3.9,341
2588,2022-01-31,41.54,1007.3,0,7.8,8
2589,2022-02-01,28.76,1013.8,0,10.7,67
2590,2022-02-02,10.94,1020,0,9.8,3
2591,2022-02-03,6.08,1022,0,0.8,352
2592,2022-02-04,22.82,1025.9,0,6,131
2593,2022-02-05,38.12,1018.4,0,16.1,301
2594,2022-02-06,32.72,1025.8,0,6.3,122
2595,2022-02-07,41,1023.7,0,9.4,298
2596,2022-02-08,47.66,1019.8,0,15.8,313
2597,2022-02-09,43.34,1019.6,0,11.8,334
2598,2022-02-10,45.86,1014.9,0,13.5,252
2599,2022-02-11,35.24,1020.8,0,11,26
2600,2022-02-12,25.52,1025.9,0,3.1,322
2601,2022-02-13,39.2,1022.6,0,8.7,277
2602,2022-02-14,38.84,1016.5,0,4.7,350
2603,2022-02-15,44.6,1005.4,0,5.6,1
2604,2022-02-16,28.94,1010,0,5.7,31
2605,2022-02-17,23.18,1019.1,0,5.6,41
2606,2022-02-18,31.64,1020.7,0,5.8,334
2607,2022-02-19,40.82,1016.1,0,5.2,332
2608,2022-02-20,47.48,1007.6,0,8.4,245
2609,2022-02-21,32.18,1005,0,14.2,77
2610,2022-02-22,5,1019.2,0,7,24
2611,2022-02-23,4.46,1017.8,0,7.1,356
2612,2022-02-24,11.84,1014.5,0,3.8,358
2613,2022-02-25,17.96,1022.6,0,3.1,352
2614,2022-02-26,23,1024.4,0,3.7,346
2615,2022-02-27,34.7,1024.5,0,3.3,337
2616,2022-02-28,48.02,1022.4,0,8.2,319
2617,2022-03-01,56.3,1021.5,0,8.8,269
2618,2022-03-02,54.14,1021.3,0,6,309
2619,2022-03-03,52.88,1017.1,0,4.6,342
2620,2022-03-04,48.02,1007.4,0,5.6,326
2621,2022-03-05,32.54,1010.2,0,7.7,72
2622,2022-03-06,22.46,1018.3,0,7.6,35
2623,2022-03-07,22.46,1020.7,0,2.9,8
2624,2022-03-08,30.2,1013.7,0,7.3,17
2625,2022-03-09,15.98,1013.6,0,12.4,15
2626,2022-03-10,13.64,1016,0,3.9,26
2627,2022-03-11,21.56,1020,0,4.3,14
2628,2022-03-12,41.54,1017.3,0,13.1,305
2629,2022-03-13,0,0,0,0,0
2630,2022-03-14,44.6,1020.6,0,5.1,12
2631,2022-03-15,49.64,1018.8,0,11.7,251
2632,2022-03-16,46.4,1013.8,0,7,353
2633,2022-03-17,32.9,1019.8,0,10,339
2634,2022-03-18,38.48,1017.8,0,8.4,330
2635,2022-03-19,45.32,1016.8,0,5.8,141
2636,2022-03-20,49.64,1008.5,0,6.4,332
2637,2022-03-21,38.66,1015.7,0,8.2,80
2638,2022-03-22,35.42,1021,0,15.4,340
2639,2022-03-23,42.26,1018.7,0,16,338
2640,2022-03-24,52.16,1016.6,0,15.4,274
2641,2022-03-25,48.56,1021.5,0,5.9,31
2642,2022-03-26,57.92,1015.2,0,13.3,302
2643,2022-03-27,46.94,1014.4,0,4.4,351
2644,2022-03-28,58.1,1007.8,0,5.3,352
2645,2022-03-29,48.74,1001.7,0,8.5,46
2646,2022-03-30,38.48,1009.1,0,11.6,121
2647,2022-03-31,47.66,1008,0,5.8,47
2648,2022-04-01,49.82,1011.3,0,11.1,41
2649,2022-04-02,48.56,1015.1,0,4.7,6
2650,2022-04-03,47.66,1015.4,0,5,33
2651,2022-04-04,50.54,1006.8,0,8.4,309
2652,2022-04-05,51.8,1003.4,0,26,265
2653,2022-04-06,38.84,1021,0,24,303
2654,2022-04-07,43.52,1026.3,0,9.1,89
2655,2022-04-08,49.82,1021.7,0,6.5,133
2656,2022-04-09,63.68,1006.4,0,17.1,266
2657,2022-04-10,44.96,1006,0,21.1,239
2658,2022-04-11,45.68,1001.8,0,4.5,19
2659,2022-04-12,45.14,996.2,0,25.9,256
2660,2022-04-13,30.92,1010.9,0,13.8,285
2661,2022-04-14,43.16,1011.4,0,19.7,241
2662,2022-04-15,47.48,1010.6,0,12,31
2663,2022-04-16,41.72,1015.6,0,6,356
2664,2022-04-17,48.74,1017,0,13.6,321
2665,2022-04-18,44.06,1022.9,0,4.7,2
2666,2022-04-19,58.46,1005.6,0,11.6,271
2667,2022-04-20,59.54,1009,0,10.1,97
2668,2022-04-21,60.26,1012.5,0,5.7,346
2669,2022-04-22,63.5,1000.6,0,19.4,239
2670,2022-04-23,52.34,1003.7,0,13.1,348
2671,2022-04-24,44.6,1019.4,0,8.4,55
2672,2022-04-25,44.06,1025.9,0,5,13
2673,2022-04-26,55.04,1018.9,0,3.9,25
2674,2022-04-27,59.9,1013.4,0,8.4,261
2675,2022-04-28,61.88,1009.4,0,5.9,350
2676,2022-04-29,54.5,1007,0,23.6,282
2677,2022-04-30,53.6,1016.2,0,14.1,102
2678,2022-05-01,49.1,1014.4,0,8.8,340
2679,2022-05-02,39.74,1015.3,0,11.8,23
2680,2022-05-03,42.44,1012.5,0,6,3
2681,2022-05-04,43.88,1015.8,0,6.6,12
2682,2022-05-05,53.96,1015.7,0,6.6,354
2683,2022-05-06,65.84,1011.6,0,3.3,12
2684,2022-05-07,67.64,1004.6,0,10.3,165
2685,2022-05-08,59.36,1001,0,9.1,58
2686,2022-05-09,57.02,1003.1,0,10.2,89
2687,2022-05-10,56.3,1016,0,7.6,60
2688,2022-05-11,65.84,1011.9,0,7.1,320
2689,2022-05-12,60.8,1012.3,0,18.2,280
2690,2022-05-13,63.68,1017.1,0,20.2,227
2691,2022-05-14,66.38,1018.5,0,8.7,246
2692,2022-05-15,64.94,1021.8,0,8.4,44
2693,2022-05-16,66.2,1015.5,0,5.3,337
2694,2022-05-17,68.18,1014.8,0,7.4,358
2695,2022-05-18,69.44,1016.8,0,7.9,328
2696,2022-05-19,69.98,1003.5,0,17.4,240
2697,2022-05-20,36.32,1012.2,0,4.6,35
2698,2022-05-21,38.84,1024.1,0,5.5,322
2699,2022-05-22,48.2,1022.2,0,4.6,3
2700,2022-05-23,50.18,1017.4,0,9.1,9
2701,2022-05-24,46.76,1017.1,0,6.3,350
2702,2022-05-25,55.76,1017.1,0,4.2,18
2703,2022-05-26,65.48,1018.3,0,5.8,16
2704,2022-05-27,71.96,1014.7,0,6.6,351
2705,2022-05-28,68.9,1006.2,0,7.2,321
2706,2022-05-29,60.62,1001.5,0,12.9,250
2707,2022-05-30,55.22,1005.3,0,12.2,298
2708,2022-05-31,48.38,1019.4,0,6.2,354
2709,2022-06-01,47.48,1024.2,0,2.6,23
2710,2022-06-02,56.66,1019.7,0,4.2,23
2711,2022-06-03,61.88,1015.4,0,5.3,355
2712,2022-06-04,66.74,1012.3,0,7.1,106
2713,2022-06-05,67.82,1011,0,8.1,326
2714,2022-06-06,63.68,1013.7,0,4.8,349
2715,2022-06-07,64.4,1017.6,0,6.5,11
2716,2022-06-08,64.4,1021.3,0,8.3,1
2717,2022-06-09,69.62,1016.8,0,5.1,331
2718,2022-06-10,74.84,1017.8,0,5.2,328
2719,2022-06-11,83.3,1014.1,0,10,273
2720,2022-06-12,77.72,1010.8,0,7.1,197
2721,2022-06-13,82.04,1004.1,0,8.5,346
2722,2022-06-14,68.54,1010.6,0,7.5,87
2723,2022-06-15,72.5,1015.8,0,14.9,238
2724,2022-06-16,74.48,1020.7,0,6.2,349
2725,2022-06-17,76.64,1018.1,0,8.2,334
2726,2022-06-18,77,1014.9,0,5.5,80
2727,2022-06-19,76.64,1014.5,0,7.6,205
2728,2022-06-20,75.2,1016.4,0,12.7,307
2729,2022-06-21,68.72,1026.2,0,8.8,95
2730,2022-06-22,68.36,1024,0,1.1,10
2731,2022-06-23,75.74,1017.3,0,6.7,328
2732,2022-06-24,74.12,1017.3,0,7,210
2733,2022-06-25,64.4,1027,0,6,0
2734,2022-06-26,60.26,1030.8,0,8,5
2735,2022-06-27,68,1026.7,0,5.9,349
2736,2022-06-28,74.66,1023.8,0,5.9,349
2737,2022-06-29,77.54,1021.3,0,8.2,348
2738,2022-06-30,71.96,1021.3,0,11.8,184
2739,2022-07-01,68.54,1021.8,0,5.5,43
2740,2022-07-02,72.14,1020,0,5.3,357
2741,2022-07-03,74.66,1016.8,0,7.3,353
2742,2022-07-04,77.54,1016.8,0,9.7,247
2743,2022-07-05,75.2,1018.2,0,9,301
2744,2022-07-06,69.44,1020.8,0,9.2,353
2745,2022-07-07,71.24,1021.8,0,2.9,7
2746,2022-07-08,75.74,1025,0,5.1,16
2747,2022-07-09,82.76,1024.3,0,4,30
2748,2022-07-10,83.48,1022.3,0,8.3,324
2749,2022-07-11,69.44,1024.8,0,4.9,15
2750,2022-07-12,74.12,1021.9,0,5.2,23
2751,2022-07-13,77.9,1021,0,8.9,127
2752,2022-07-14,81.68,1022.5,0,13.3,242
2753,2022-07-15,78.44,1023.8,0,7.3,342
2754,2022-07-16,78.44,1022.5,0,10.6,300
2755,2022-07-17,81.5,1021.8,0,6.7,35
2756,2022-07-18,83.3,1018.6,0,10.6,228
2757,2022-07-19,86,1018.6,0,11.5,256
2758,2022-07-20,77.54,1021.3,0,7.8,353
2759,2022-07-21,84.07,1023,clear sky,9.22,320
2760,2022-07-21,91.4,1019,Sunny,9.4,320
2761,2022-07-22,77.74,1019,clear sky,4.61,160
2762,2022-07-22,80.6,1022,Partly cloudy,5.6,190
2763,2022-07-23,84.6,1017,clear sky,8.99,235
2764,2022-07-23,86,1017,Sunny,2.2,10
2765,2022-07-24,66.34,1022,haze,8.05,70
2766,2022-07-24,71.6,1024,Mist,6.9,60
2767,2022-07-25,71.94,1022,clear sky,3.44,130
2768,2022-07-25,73.4,1021,Sunny,4.3,50
2769,2022-07-26,60.76,1014,haze,1.01,285
2770,2022-07-26,60.1,1013,Sunny,6.5,283
2771,2022-07-27,70.5,1022,haze,8.05,360
2772,2022-07-27,71.6,1021,Sunny,8.1,360
2773,2022-07-28,61.27,1024,overcast clouds,5.75,160
2774,2022-07-28,66.2,1026,Overcast,2.2,10
2775,2022-07-29,59.38,1023,broken clouds,3.44,360
2776,2022-07-29,64.4,1024,Partly cloudy,3.8,360
2777,2022-07-30,74.14,1022,clear sky,5.01,40
2778,2022-07-30,77,1022,Sunny,4.3,80
2779,2022-07-31,75.29,1021,clear sky,5.75,100
2780,2022-07-31,80.6,1023,Sunny,3.8,70
2781,2022-08-01,75.92,1021,clear sky,3.44,200
2782,2022-08-01,78.8,1022,Sunny,2.2,10
2783,2022-08-02,80.44,1016,clear sky,3.44,140
2784,2022-08-02,86,1018,Sunny,3.8,140
2785,2022-08-03,74.88,1021,scattered clouds,5.75,130
2786,2022-08-03,82.4,1022,Partly cloudy,4.3,140
2787,2022-08-04,81.95,1018,clear sky,5.01,23
2788,2022-08-04,87.8,1021,Sunny,2.2,10
2789,2022-08-05,83.46,1015,clear sky,8.99,60
2790,2022-08-05,89.6,1018,Sunny,4.3,140
2791,2022-08-06,75.74,1018,clear sky,4.61,60
2792,2022-08-06,80.6,1021,Sunny,4.3,60
2793,2022-08-07,74.95,1022,clear sky,8.05,100
2794,2022-08-07,80.6,1024,Sunny,5.6,70
2795,2022-08-08,69.6,1024,clear sky,3,96
2796,2022-08-08,71.6,1025,Sunny,2.2,10
2797,2022-08-09,76.62,1023,clear sky,7,91
2798,2022-08-09,80.6,1024,Sunny,2.2,10
2799,2022-08-10,78.62,1025,clear sky,4.61,90
2800,2022-08-10,82.4,1028.0,Sunny,3.8,90
2801,2022-08-11,81.73,1022,clear sky,6.91,70
2802,2022-08-11,87.8,1024.0,Sunny,6.9,70
2803,2022-08-12,83.77,1021,clear sky,5.01,0
2804,2022-08-12,89.6,1023.0,Sunny,9.4,360
2805,2022-08-13,79.07,1020,clear sky,5.75,100
2806,2022-08-14,86.0,1021.0,Sunny,4.3,140
2807,2022-08-15,68.9,1021.9,0,6.8,290.0
2808,2022-08-16,66.56,1024.1,0,7.5,278.0
2809,2022-08-17,71.06,1024.8,0,6.3,164.0
2810,2022-08-18,73.03999999999999,1022.8,0,6.9,14.0
2811,2022-08-19,71.42,1020.7,0,8.3,315.0
2812,2022-08-20,66.38,1022.1,0,10.0,316.0
2813,2022-08-21,66.92,1022.3,0,7.1,209.0
2814,2022-08-22,70.7,1022.5,0,5.5,249.0
2815,2022-08-23,72.5,1020.8,0,9.2,250.0
2816,2022-08-24,71.78,1022.0,0,5.7,274.0
2817,2022-08-25,68.72,1023.2,0,9.9,297.0
2818,2022-08-26,70.16,1019.8,0,7.2,311.0
2819,2022-08-27,74.30000000000001,1014.4,0,11.1,288.0
2820,2022-08-28,73.11,1012,clear sky,11.99,286
2821,2022-08-28,82.4,1014.0,Sunny,10.5,240
2822,2022-08-29,74.68,1018,clear sky,4.61,180
2823,2022-08-29,78.8,1023.0,Sunny,4.3,180
2824,2022-08-30,73.49,1027,haze,5.01,0
2825,2022-08-30,77.0,1027.0,Sunny,3.8,120
2826,2022-08-31,77.05,1025,clear sky,4,63
2827,2022-08-31,80.6,1025.0,Sunny,6.9,40
2828,2022-09-01,77.29,1022,clear sky,5.01,0
2829,2022-09-01,75.2,1023.0,Partly cloudy,2.2,10
2830,2022-09-02,78.37,1022,haze,5.01,0
2831,2022-09-02,80.6,1022.0,Sunny,3.8,210
2832,2022-09-03,69.71,1027,clear sky,5.99,132
2833,2022-09-03,73.4,1029.0,Sunny,2.2,10
2834,2022-09-04,77.99,1017,clear sky,3.44,70
2835,2022-09-04,89.6,1019.0,Sunny,2.2,10
2836,2022-09-05,84.04,1021,clear sky,5.99,1
2837,2022-09-05,89.6,1021.0,Sunny,2.2,10
2838,2022-09-06,83.26,1025,clear sky,5.99,115
2839,2022-09-06,87.8,1025.0,Sunny,3.8,120
2840,2022-09-07,81.64,1027,clear sky,4,134
2841,2022-09-07,78.8,1027.0,Sunny,3.8,160
2022-09-08,78.08000000000001,1015.6,0,10.8,326.0
2022-09-09,54.86,1019.4,0,7.0,0.0
2022-09-10,48.56,1026.4,0,7.4,48.0
2022-09-11,59.0,1026.0,0,5.0,339.0
2022-09-12,68.53999999999999,1020.4,0,6.4,235.0
2022-09-13,69.08000000000001,1016.5,0,5.8,221.0
2022-09-14,66.38,1010.4,0,7.7,227.0
2849,2022-09-15,60.3,1020,overcast clouds,7,191
2850,2022-09-15,64.4,1020.0,Overcast,2.2,10
2851,2022-09-16,63.28,1019,clear sky,4,110
2852,2022-09-16,66.2,1018.0,Sunny,2.2,10
2022-09-17,66.56,1015.3,0,9.0,304.0
2022-09-18,65.30000000000001,1014.6,0,6.8,248.0
2855,2022-09-19,77.34,1016,clear sky,15.01,214
2856,2022-09-19,80.6,1018.0,Sunny,5.6,50
2857,2022-09-20,68.95,1019,clear sky,1.99,179
2858,2022-09-20,63.3,1016.0,Sunny,5.1,274
2859,2022-09-21,53.1,1027,overcast clouds,6.91,70
2860,2022-09-21,57.2,1028.0,Overcast,9.4,50
2861,2022-09-22,43.59,1023,mist,0,0
2862,2022-09-22,50.0,1024.0,Overcast,2.2,10
2863,2022-09-23,58.17,1021,clear sky,11.99,151
2864,2022-09-23,55.4,1017.0,Sunny,4.3,20
2865,2022-09-24,66.4,1021,clear sky,5.99,0
2866,2022-09-24,68.7,1019.0,Sunny,2.2,78
2867,2022-09-25,51.19,1027,clear sky,1.99,0
2868,2022-09-25,53.6,1031.0,Sunny,3.8,320
2869,2022-09-26,59.72,1028,clear sky,3,169
2870,2022-09-26,53.6,1027.0,Sunny,2.2,10
2871,2022-09-27,58.96,1027,clear sky,1.99,111
2872,2022-09-27,39.2,1041.0,Partly cloudy,12.5,280
2873,2022-09-28,60.78,1027,clear sky,11.99,277
2874,2022-09-28,55.4,1028.0,Partly cloudy,8.1,340
