date,temperature,pressure,pattern,wind_speed,wind_degree
2015-01-01,20.12,0,0,1.7,0
2015-01-02,26.24,0,0,3.0,0
2015-01-03,20.479999999999997,0,0,7.5,0
2015-01-04,12.2,0,0,3.6,0
2015-01-05,32.18,0,0,9.5,0
2015-01-06,38.66,0,0,9.1,0
2015-01-07,21.38,0,0,5.7,0
2015-01-08,44.6,0,0,15.9,0
2015-01-09,22.46,0,0,3.3,0
2015-01-10,35.24,0,0,3.3,0
2015-01-11,35.24,0,0,4.5,0
2015-01-12,24.8,0,0,4.7,0
2015-01-13,28.94,0,0,0.7,0
2015-01-14,32.72,0,0,0.9,0
2015-01-15,37.76,0,0,3.4,0
2015-01-16,0,0,0,0,0
2015-01-17,46.22,0,0,19.4,0
2015-01-18,52.879999999999995,0,0,18.1,0
2015-01-19,48.56,0,0,12.1,0
2015-01-20,35.6,0,0,4.7,0
2015-01-21,28.4,0,0,4.1,0
2015-01-22,27.14,0,0,3.8,0
2015-01-23,35.96,0,0,4.5,0
2015-01-24,44.6,0,0,19.9,0
2015-01-25,45.5,0,0,10.3,0
2015-01-26,54.5,0,0,6.3,0
2015-01-27,56.480000000000004,0,0,4.8,0
2015-01-28,51.8,0,0,16.4,0
2015-01-29,39.92,0,0,4.7,0
2015-01-30,39.38,0,0,1.3,0
2015-01-31,35.24,0,0,2.9,0
2015-02-01,25.16,0,0,3.1,0
2015-02-02,34.16,0,0,7.1,0
2015-02-03,50.18,0,0,10.1,0
2015-02-04,31.46,0,0,7.2,0
2015-02-05,45.5,0,0,10.3,0
2015-02-06,55.94,0,0,9.9,0
2015-02-07,59.540000000000006,0,0,18.9,0
2015-02-08,56.66,0,0,21.5,0
2015-02-09,50.900000000000006,0,0,9.8,0
2015-02-10,50.900000000000006,0,0,12.7,0
2015-02-11,41.0,0,0,6.8,0
2015-02-12,42.8,0,0,5.2,0
2015-02-13,48.379999999999995,0,0,4.1,0
2015-02-14,46.22,0,0,5.0,0
2015-02-15,0,0,0,0,0
2015-02-16,0,0,0,0,0
2015-02-17,26.78,0,0,6.9,0
2015-02-18,31.46,0,0,3.9,0
2015-02-19,43.52,0,0,10.4,0
2015-02-20,40.28,0,0,11.4,0
2015-02-21,27.86,0,0,10.4,0
2015-02-22,13.099999999999998,0,0,5.7,0
2015-02-23,13.82,0,0,1.9,0
2015-02-24,30.2,0,0,3.6,0
2015-02-25,36.5,0,0,14.8,0
2015-02-26,16.7,0,0,6.4,0
2015-02-27,0,0,0,0,0
2015-02-28,16.7,0,0,3.6,0
2015-03-01,23.0,0,0,1.5,0
2015-03-02,27.14,0,0,3.7,0
2015-03-03,27.86,0,0,11.3,0
2015-03-04,0,0,0,0,0
2015-03-05,20.66,0,0,3.3,0
2015-03-06,35.6,0,0,4.9,0
2015-03-07,40.1,0,0,5.2,0
2015-03-08,0,0,0,0,0
2015-03-09,44.42,0,0,5.7,0
2015-03-10,47.66,0,0,4.4,0
2015-03-11,49.82,0,0,3.3,0
2015-03-12,53.6,0,0,6.8,0
2015-03-13,50.540000000000006,0,0,6.9,0
2015-03-14,52.519999999999996,0,0,6.0,0
2015-03-15,63.14,0,0,6.9,0
2015-03-16,61.88,0,0,9.6,0
2015-03-17,44.24,0,0,6.6,0
2015-03-18,47.480000000000004,0,0,2.6,0
2015-03-19,44.24,0,0,6.1,0
2015-03-20,49.64,0,0,6.2,0
2015-03-21,55.22,0,0,5.3,0
2015-03-22,58.64,0,0,9.7,0
2015-03-23,51.44,0,0,10.2,0
2015-03-24,51.620000000000005,0,0,13.8,0
2015-03-25,39.74,0,0,5.9,0
2015-03-26,46.4,0,0,12.1,0
2015-03-27,0,0,0,0,0
2015-03-28,63.14,0,0,12.8,0
2015-03-29,55.040000000000006,0,0,12.4,153.0
2015-03-30,57.019999999999996,0,0,10.5,0
2015-03-31,61.16,0,0,7.1,0
2015-04-01,59.36,0,0,13.1,0
2015-04-02,37.4,0,0,9.9,0
2015-04-03,36.32,0,0,4.9,0
2015-04-04,44.78,0,0,3.1,0
2015-04-05,54.5,0,0,5.8,0
2015-04-06,58.46,0,0,7.0,0
2015-04-07,50.540000000000006,0,0,6.2,0
2015-04-08,49.28,0,0,6.9,0
2015-04-09,43.879999999999995,0,0,8.3,0
2015-04-10,47.3,0,0,5.6,0
2015-04-11,55.94,0,0,8.1,0
2015-04-12,57.56,0,0,16.7,0
2015-04-13,50.72,0,0,4.7,0
2015-04-14,58.1,0,0,6.4,0
2015-04-15,49.28,0,0,12.3,0
2015-04-16,35.24,0,0,2.8,0
2015-04-17,40.28,0,0,11.8,0
2015-04-18,42.8,0,0,5.9,0
2015-04-19,42.980000000000004,0,0,8.1,0
2015-04-20,43.16,0,0,6.0,0
2015-04-21,50.72,0,0,5.5,0
2015-04-22,52.7,0,0,8.5,0
2015-04-23,57.56,0,0,9.1,0
2015-04-24,53.96,0,0,8.5,0
2015-04-25,53.42,0,0,5.9,0
2015-04-26,43.34,0,0,6.4,0
2015-04-27,42.08,0,0,5.3,0
2015-04-28,49.64,0,0,4.0,0
2015-04-29,57.56,0,0,4.8,0
2015-04-30,63.86,0,0,8.2,0
2015-05-01,54.68,0,0,5.5,0
2015-05-02,60.620000000000005,0,0,7.2,0
2015-05-03,62.06,0,0,8.1,0
2015-05-04,51.44,0,0,5.0,0
2015-05-05,50.18,0,0,7.0,0
2015-05-06,53.78,0,0,4.6,0
2015-05-07,49.1,0,0,5.8,0
2015-05-08,45.68,0,0,6.7,0
2015-05-09,42.08,0,0,11.6,0
2015-05-10,37.22,0,0,7.0,0
2015-05-11,44.96,0,0,7.4,0
2015-05-12,50.900000000000006,0,0,4.9,0
2015-05-13,54.32,0,0,6.5,0
2015-05-14,57.019999999999996,0,0,6.4,0
2015-05-15,0,0,0,0,0
2015-05-16,52.16,0,0,7.5,0
2015-05-17,56.120000000000005,0,0,8.9,0
2015-05-18,45.68,0,0,4.8,0
2015-05-19,43.7,0,0,9.2,0
2015-05-20,39.38,0,0,4.9,0
2015-05-21,45.86,0,0,2.6,0
2015-05-22,49.1,0,0,4.4,0
2015-05-23,49.82,0,0,5.6,0
2015-05-24,49.28,0,0,3.8,0
2015-05-25,51.8,0,0,5.8,0
2015-05-26,56.3,0,0,5.1,0
2015-05-27,62.24,0,0,5.2,0
2015-05-28,61.7,0,0,8.1,0
2015-05-29,0,0,0,0,0
2015-05-30,59.18,0,0,4.9,0
2015-05-31,68.36,0,0,8.1,0
2015-06-01,68.0,0,0,7.5,0
2015-06-02,70.34,0,0,5.5,0
2015-06-03,64.4,0,0,6.1,0
2015-06-04,65.48,0,0,4.4,0
2015-06-05,61.519999999999996,0,0,5.8,0
2015-06-06,62.6,0,0,6.2,0
2015-06-07,64.03999999999999,0,0,7.7,0
2015-06-08,67.64,0,0,3.5,0
2015-06-09,73.03999999999999,0,0,7.6,0
2015-06-10,66.92,0,0,3.1,0
2015-06-11,62.24,0,0,7.3,0
2015-06-12,62.06,0,0,2.6,0
2015-06-13,68.0,0,0,7.5,0
2015-06-14,70.52,0,0,4.2,0
2015-06-15,63.31999999999999,0,0,3.3,0
2015-06-16,0,0,0,0,0
2015-06-17,0,0,0,0,0
2015-06-18,69.44,0,0,5.6,0
2015-06-19,76.1,0,0,3.9,0
2015-06-20,0,0,0,0,0
2015-06-21,76.46000000000001,0,0,3.6,0
2015-06-22,71.78,0,0,7.0,0
2015-06-23,72.14,0,0,5.4,0
2015-06-24,72.86,0,0,9.4,0
2015-06-25,71.24000000000001,0,0,8.2,0
2015-06-26,0,0,0,0,0
2015-06-27,71.96000000000001,0,0,2.6,0
2015-06-28,0,0,0,0,0
2015-06-29,74.30000000000001,0,0,4.1,0
2015-06-30,76.46000000000001,0,0,7.2,0
2015-07-01,74.12,0,0,3.9,0
2015-07-02,68.72,0,0,6.5,0
2015-07-03,69.98,0,0,3.3,0
2015-07-04,74.48,0,0,9.2,0
2015-07-05,74.12,0,0,7.7,0
2015-07-06,60.8,0,0,3.5,0
2015-07-07,61.34,0,0,1.7,0
2015-07-08,60.08,0,0,4.2,0
2015-07-09,62.42,0,0,6.0,0
2015-07-10,71.78,0,0,9.4,0
2015-07-11,70.88,0,0,5.9,0
2015-07-12,75.92,0,0,6.0,0
2015-07-13,71.96000000000001,0,0,8.3,0
2015-07-14,69.98,0,0,6.2,0
2015-07-15,69.62,0,0,4.3,0
2015-07-16,71.6,0,0,8.2,0
2015-07-17,76.64,0,0,11.1,0
2015-07-18,69.25999999999999,0,0,5.2,0
2015-07-19,67.28,0,0,4.8,0
2015-07-20,71.96000000000001,0,0,7.7,0
2015-07-21,66.92,0,0,8.0,0
2015-07-22,72.5,0,0,6.2,0
2015-07-23,78.25999999999999,0,0,9.0,0
2015-07-24,75.2,0,0,7.2,0
2015-07-25,78.44,0,0,3.9,0
2015-07-26,74.84,0,0,6.1,0
2015-07-27,76.64,0,0,6.6,0
2015-07-28,73.4,0,0,10.9,0
2015-07-29,70.7,0,0,6.6,0
2015-07-30,74.30000000000001,0,0,5.3,0
2015-07-31,0,0,0,0,0
2015-08-01,75.74000000000001,0,0,3.6,0
2015-08-02,75.56,0,0,7.0,0
2015-08-03,74.12,0,0,5.5,0
2015-08-04,73.22,0,0,11.5,0
2015-08-05,0,0,0,0,0
2015-08-06,0,0,0,0,0
2015-08-07,73.75999999999999,0,0,6.4,0
2015-08-08,72.68,0,0,5.6,0
2015-08-09,74.66,0,0,5.7,0
2015-08-10,71.42,0,0,6.5,0
2015-08-11,71.06,0,0,8.1,0
2015-08-12,76.28,0,0,4.2,0
2015-08-13,0,0,0,0,0
2015-08-14,78.25999999999999,0,0,6.4,0
2015-08-15,77.72,0,0,5.3,0
2015-08-16,73.94,0,0,8.3,0
2015-08-17,67.46000000000001,0,0,6.3,0
2015-08-18,61.88,0,0,8.4,0
2015-08-19,58.1,0,0,5.6,0
2015-08-20,68.72,0,0,5.9,0
2015-08-21,74.66,0,0,11.0,0
2015-08-22,75.02,0,0,11.1,0
2015-08-23,0,0,0,0,0
2015-08-24,70.34,0,0,2.4,0
2015-08-25,77.36,0,0,5.1,0
2015-08-26,75.2,0,0,4.7,0
2015-08-27,72.86,0,0,9.7,0
2015-08-28,72.32,0,0,6.7,0
2015-08-29,74.12,0,0,5.3,0
2015-08-30,77.53999999999999,0,0,6.7,0
2015-08-31,73.03999999999999,0,0,6.1,0
2015-09-01,71.6,0,0,6.2,0
2015-09-02,77.9,0,0,7.4,0
2015-09-03,69.80000000000001,0,0,6.2,0
2015-09-04,68.53999999999999,0,0,4.6,0
2015-09-05,73.94,0,0,5.6,0
2015-09-06,73.03999999999999,0,0,5.9,0
2015-09-07,68.18,0,0,10.9,0
2015-09-08,69.62,0,0,9.4,0
2015-09-09,70.52,0,0,5.6,0
2015-09-10,70.16,0,0,8.2,0
2015-09-11,62.78,0,0,5.5,0
2015-09-12,68.0,0,0,3.4,0
2015-09-13,75.2,0,0,10.8,0
2015-09-14,76.1,0,0,6.7,0
2015-09-15,75.92,0,0,17.1,0
2015-09-16,72.86,0,0,7.2,0
2015-09-17,64.03999999999999,0,0,4.8,0
2015-09-18,0,0,0,0,0
2015-09-19,58.82,0,0,3.8,0
2015-09-20,65.30000000000001,0,0,5.9,0
2015-09-21,69.62,0,0,5.7,0
2015-09-22,67.1,0,0,7.1,0
2015-09-23,0,0,0,0,0
2015-09-24,67.82,0,0,5.0,0
2015-09-25,66.2,0,0,2.5,0
2015-09-26,66.2,0,0,2.9,0
2015-09-27,73.03999999999999,0,0,5.6,0
2015-09-28,66.92,0,0,6.3,0
2015-09-29,63.68000000000001,0,0,6.6,0
2015-09-30,64.94,0,0,3.8,0
2015-10-01,0,0,0,0,0
2015-10-02,0,0,0,0,0
2015-10-03,0,0,0,0,0
2015-10-04,50.540000000000006,0,0,3.6,0
2015-10-05,56.3,0,0,1.1,0
2015-10-06,54.32,0,0,2.6,0
2015-10-07,59.18,0,0,3.8,0
2015-10-08,62.6,0,0,8.3,0
2015-10-09,58.46,0,0,1.0,0
2015-10-10,64.94,0,0,2.8,0
2015-10-11,70.34,0,0,14.8,0
2015-10-12,60.44,0,0,6.3,0
2015-10-13,66.02,0,0,6.9,0
2015-10-14,64.22,0,0,4.0,0
2015-10-15,56.480000000000004,0,0,4.8,0
2015-10-16,51.620000000000005,0,0,2.3,0
2015-10-17,58.46,0,0,3.7,0
2015-10-18,61.88,0,0,3.8,0
2015-10-19,60.620000000000005,0,0,4.3,0
2015-10-20,57.74,0,0,6.1,0
2015-10-21,47.120000000000005,0,0,6.0,0
2015-10-22,44.96,0,0,2.2,0
2015-10-23,48.2,0,0,3.2,0
2015-10-24,48.379999999999995,0,0,4.3,0
2015-10-25,52.16,0,0,4.4,0
2015-10-26,53.6,0,0,4.1,0
2015-10-27,49.28,0,0,9.6,0
2015-10-28,44.24,0,0,4.7,0
2015-10-29,44.24,0,0,3.1,0
2015-10-30,43.34,0,0,2.2,0
2015-10-31,54.14,0,0,11.0,0
2015-11-01,60.26,0,0,6.7,0
2015-11-02,54.32,0,0,4.9,0
2015-11-03,0,0,0,0,0
2015-11-04,47.66,0,0,8.2,0
2015-11-05,39.38,0,0,5.3,0
2015-11-06,36.86,0,0,7.2,0
2015-11-07,37.94,0,0,1.6,0
2015-11-08,45.14,0,0,3.2,0
2015-11-09,45.32,0,0,6.0,0
2015-11-10,45.68,0,0,10.9,0
2015-11-11,38.84,0,0,12.7,0
2015-11-12,39.56,0,0,7.2,0
2015-11-13,39.2,0,0,4.1,0
2015-11-14,45.86,0,0,3.1,0
2015-11-15,47.120000000000005,0,0,3.8,0
2015-11-16,39.56,0,0,8.2,0
2015-11-17,0,0,0,0,0
2015-11-18,0,0,0,0,0
2015-11-19,34.7,0,0,3.9,0
2015-11-20,38.3,0,0,15.5,0
2015-11-21,31.46,0,0,10.8,0
2015-11-22,0,0,0,0,0
2015-11-23,42.980000000000004,0,0,4.0,0
2015-11-24,45.86,0,0,4.4,0
2015-11-25,34.88,0,0,8.9,0
2015-11-26,22.64,0,0,9.3,34.0
2015-11-27,17.06,0,0,3.5,0
2015-11-28,19.759999999999998,0,0,2.8,0
2015-11-29,23.54,0,0,2.2,0
2015-11-30,26.78,0,0,3.7,0
2015-12-01,35.6,0,0,13.8,259.0
2015-12-02,35.06,0,0,3.1,0
2015-12-03,38.12,0,0,6.0,0
2015-12-04,37.04,0,0,3.2,0
2015-12-05,38.3,0,0,6.5,0
2015-12-06,39.56,0,0,6.9,0
2015-12-07,48.92,0,0,7.2,0
2015-12-08,52.879999999999995,0,0,24.4,0
2015-12-09,0,0,0,0,0
2015-12-10,53.6,0,0,15.2,0
2015-12-11,44.96,0,0,13.6,0
2015-12-12,31.64,0,0,5.1,0
2015-12-13,30.74,0,0,2.0,0
2015-12-14,32.54,0,0,4.8,0
2015-12-15,24.62,0,0,11.4,0
2015-12-16,25.52,0,0,4.8,0
2015-12-17,17.06,0,0,4.8,0
2015-12-18,0,0,0,0,0
2015-12-19,34.34,0,0,3.8,0
2015-12-20,36.32,0,0,7.7,0
2015-12-21,34.7,0,0,7.1,0
2015-12-22,40.46,0,0,15.3,0
2015-12-23,0,0,0,0,0
2015-12-24,30.02,0,0,17.4,0
2015-12-25,24.259999999999998,0,0,3.5,0
2015-12-26,20.479999999999997,0,0,5.8,0
2015-12-27,15.620000000000001,0,0,2.1,0
2015-12-28,16.159999999999997,0,0,1.8,0
2015-12-29,18.32,0,0,4.5,0
2015-12-30,17.6,0,0,1.8,0
2015-12-31,0,0,0,0,0
2016-01-01,21.740000000000002,0,0,4.0,0
2016-01-02,30.2,0,0,1.6,0
2016-01-03,32.36,0,0,3.0,0
2016-01-04,31.1,0,0,1.5,0
2016-01-05,35.6,0,0,2.7,0
2016-01-06,34.34,0,0,2.5,0
2016-01-07,33.98,0,0,2.7,0
2016-01-08,26.78,0,0,6.1,0
2016-01-09,0,0,0,0,0
2016-01-10,0,0,0,0,0
2016-01-11,24.62,0,0,3.7,0
2016-01-12,0,0,0,0,0
2016-01-13,37.4,0,0,4.2,0
2016-01-14,41.0,0,0,20.7,261.0
2016-01-15,29.84,0,0,5.3,0
2016-01-16,27.5,0,0,7.7,0
2016-01-17,24.98,0,0,4.3,0
2016-01-18,35.42,0,0,9.2,0
2016-01-19,36.5,0,0,6.6,0
2016-01-20,38.84,0,0,16.2,0
2016-01-21,35.6,0,0,8.3,0
2016-01-22,34.88,0,0,2.8,0
2016-01-23,0,0,0,0,0
2016-01-24,36.5,0,0,5.0,0
2016-01-25,32.36,0,0,4.3,0
2016-01-26,29.12,0,0,3.3,0
2016-01-27,37.4,0,0,4.6,0
2016-01-28,43.16,0,0,5.4,0
2016-01-29,47.3,0,0,14.3,0
2016-01-30,41.54,0,0,9.7,0
2016-01-31,30.56,0,0,5.2,0
2016-02-01,27.32,0,0,7.9,0
2016-02-02,22.82,0,0,9.5,0
2016-02-03,21.92,0,0,11.1,0
2016-02-04,26.060000000000002,0,0,6.3,0
2016-02-05,29.48,0,0,5.8,0
2016-02-06,35.42,0,0,8.9,0
2016-02-07,36.32,0,0,14.3,0
2016-02-08,32.36,0,0,4.1,0
2016-02-09,41.0,0,0,4.7,0
2016-02-10,0,0,0,0,0
2016-02-11,52.519999999999996,0,0,15.8,0
2016-02-12,40.1,0,0,4.6,0
2016-02-13,42.620000000000005,0,0,16.5,0
2016-02-14,44.06,0,0,17.0,0
2016-02-15,49.64,0,0,19.6,0
2016-02-16,46.58,0,0,13.2,0
2016-02-17,45.5,0,0,3.9,0
2016-02-18,53.42,0,0,18.7,0
2016-02-19,51.980000000000004,0,0,20.6,0
2016-02-20,48.92,0,0,10.7,0
2016-02-21,37.94,0,0,10.3,0
2016-02-22,35.78,0,0,7.0,0
2016-02-23,33.44,0,0,5.8,0
2016-02-24,37.58,0,0,8.1,0
2016-02-25,0,0,0,0,0
2016-02-26,44.96,0,0,5.5,0
2016-02-27,51.44,0,0,9.4,0
2016-02-28,51.620000000000005,0,0,13.5,0
2016-02-29,49.46,0,0,17.4,0
2016-03-01,43.52,0,0,8.1,0
2016-03-02,52.519999999999996,0,0,29.3,281.0
2016-03-03,46.4,0,0,5.3,0
2016-03-04,48.74,0,0,6.0,0
2016-03-05,44.78,0,0,2.0,0
2016-03-06,53.42,0,0,13.5,0
2016-03-07,44.42,0,0,9.6,0
2016-03-08,0,0,0,0,0
2016-03-09,0,0,0,0,0
2016-03-10,47.480000000000004,0,0,4.9,0
2016-03-11,53.78,0,0,4.3,0
2016-03-12,52.16,0,0,10.3,0
2016-03-13,0,0,0,0,0
2016-03-14,50.18,0,0,21.0,0
2016-03-15,38.84,0,0,16.9,0
2016-03-16,38.480000000000004,0,0,17.3,254.0
2016-03-17,32.36,0,0,8.0,0
2016-03-18,25.88,0,0,6.9,0
2016-03-19,27.68,0,0,4.3,0
2016-03-20,35.96,0,0,5.1,0
2016-03-21,54.5,0,0,7.5,0
2016-03-22,56.3,0,0,13.4,0
2016-03-23,0,0,0,0,0
2016-03-24,0,0,0,0,0
2016-03-25,38.3,0,0,8.1,0
2016-03-26,30.74,0,0,2.9,0
2016-03-27,38.84,0,0,7.7,0
2016-03-28,43.879999999999995,0,0,5.3,0
2016-03-29,44.24,0,0,6.3,0
2016-03-30,37.58,0,0,9.0,0
2016-03-31,35.24,0,0,7.0,0
2016-04-01,0,0,0,0,0
2016-04-02,51.44,0,0,9.2,0
2016-04-03,55.76,0,0,11.0,0
2016-04-04,58.64,0,0,7.9,0
2016-04-05,52.879999999999995,0,0,22.0,0
2016-04-06,56.66,0,0,25.6,261.0
2016-04-07,53.96,0,0,7.6,0
2016-04-08,52.16,0,0,4.7,0
2016-04-09,55.400000000000006,0,0,7.6,0
2016-04-10,55.040000000000006,0,0,12.0,0
2016-04-11,45.5,0,0,4.3,0
2016-04-12,53.6,0,0,7.6,0
2016-04-13,59.0,0,0,6.6,0
2016-04-14,61.16,0,0,8.0,0
2016-04-15,46.04,0,0,9.6,0
2016-04-16,33.44,0,0,7.4,0
2016-04-17,33.8,0,0,4.0,0
2016-04-18,37.58,0,0,4.4,0
2016-04-19,0,0,0,0,0
2016-04-20,45.68,0,0,5.7,0
2016-04-21,53.6,0,0,8.2,172.0
2016-04-22,59.18,0,0,5.7,0
2016-04-23,59.540000000000006,0,0,12.2,0
2016-04-24,55.76,0,0,10.8,0
2016-04-25,54.5,0,0,8.1,0
2016-04-26,42.8,0,0,10.1,0
2016-04-27,42.44,0,0,7.8,0
2016-04-28,36.68,0,0,6.9,0
2016-04-29,34.16,0,0,3.6,0
2016-04-30,35.42,0,0,14.8,0
2016-05-01,37.22,0,0,5.4,0
2016-05-02,45.5,0,0,4.2,0
2016-05-03,54.5,0,0,7.7,0
2016-05-04,60.44,0,0,5.2,0
2016-05-05,64.4,0,0,5.1,0
2016-05-06,62.96,0,0,6.6,0
2016-05-07,49.64,0,0,12.8,0
2016-05-08,47.120000000000005,0,0,5.9,0
2016-05-09,54.5,0,0,8.7,0
2016-05-10,56.120000000000005,0,0,10.7,0
2016-05-11,51.44,0,0,6.6,0
2016-05-12,54.86,0,0,4.7,0
2016-05-13,59.0,0,0,11.6,0
2016-05-14,43.7,0,0,9.1,15.0
2016-05-15,44.96,0,0,6.5,0
2016-05-16,42.8,0,0,8.2,0
2016-05-17,41.54,0,0,2.0,0
2016-05-18,51.980000000000004,0,0,3.8,0
2016-05-19,59.540000000000006,0,0,5.1,0
2016-05-20,64.58000000000001,0,0,7.7,0
2016-05-21,63.86,0,0,4.7,0
2016-05-22,61.519999999999996,0,0,8.6,0
2016-05-23,0,0,0,0,0
2016-05-24,58.46,0,0,5.5,0
2016-05-25,59.540000000000006,0,0,7.4,0
2016-05-26,55.040000000000006,0,0,8.1,0
2016-05-27,0,0,0,0,0
2016-05-28,57.56,0,0,7.1,0
2016-05-29,61.34,0,0,4.6,0
2016-05-30,61.7,0,0,7.9,0
2016-05-31,57.2,0,0,7.0,0
2016-06-01,60.44,0,0,5.9,0
2016-06-02,66.74000000000001,0,0,5.3,0
2016-06-03,70.16,0,0,7.0,0
2016-06-04,67.64,0,0,2.9,0
2016-06-05,68.36,0,0,4.1,0
2016-06-06,68.9,0,0,5.9,0
2016-06-07,0,0,0,0,0
2016-06-08,69.80000000000001,0,0,6.2,0
2016-06-09,74.66,0,0,8.8,0
2016-06-10,77.0,0,0,5.4,0
2016-06-11,0,0,0,0,0
2016-06-12,71.6,0,0,7.7,0
2016-06-13,64.03999999999999,0,0,5.6,0
2016-06-14,69.62,0,0,11.1,0
2016-06-15,0,0,0,0,0
2016-06-16,77.53999999999999,0,0,7.1,0
2016-06-17,76.64,0,0,6.0,0
2016-06-18,75.74000000000001,0,0,5.0,0
2016-06-19,79.88,0,0,5.4,0
2016-06-20,70.88,0,0,6.7,0
2016-06-21,78.80000000000001,0,0,5.0,0
2016-06-22,73.4,0,0,9.1,0
2016-06-23,0,0,0,0,0
2016-06-24,0,0,0,0,0
2016-06-25,73.94,0,0,6.5,0
2016-06-26,74.48,0,0,5.1,0
2016-06-27,76.64,0,0,7.0,0
2016-06-28,72.5,0,0,6.0,0
2016-06-29,69.25999999999999,0,0,5.6,0
2016-06-30,66.74000000000001,0,0,6.9,0
2016-07-01,0,0,0,0,0
2016-07-02,68.36,0,0,3.8,0
2016-07-03,72.5,0,0,5.6,0
2016-07-04,79.7,0,0,8.5,0
2016-07-05,77.0,0,0,8.3,0
2016-07-06,78.08000000000001,0,0,8.6,0
2016-07-07,75.74000000000001,0,0,7.1,0
2016-07-08,74.12,0,0,6.8,0
2016-07-09,78.62,0,0,5.6,0
2016-07-10,83.84,0,0,7.9,0
2016-07-11,76.64,0,0,13.2,0
2016-07-12,75.56,0,0,6.5,0
2016-07-13,0,0,0,0,0
2016-07-14,71.78,0,0,6.2,0
2016-07-15,70.16,0,0,7.6,0
2016-07-16,72.32,0,0,4.3,0
2016-07-17,76.82,0,0,7.6,0
2016-07-18,71.78,0,0,5.6,0
2016-07-19,73.75999999999999,0,0,6.3,0
2016-07-20,77.36,0,0,9.1,0
2016-07-21,79.7,0,0,6.7,0
2016-07-22,81.5,0,0,7.3,0
2016-07-23,80.42,0,0,7.0,0
2016-07-24,73.94,0,0,6.6,0
2016-07-25,73.03999999999999,0,0,5.6,0
2016-07-26,76.64,0,0,8.1,0
2016-07-27,75.2,0,0,7.0,0
2016-07-28,71.96000000000001,0,0,7.7,0
2016-07-29,0,0,0,0,0
2016-07-30,74.12,0,0,4.5,0
2016-07-31,75.56,0,0,7.8,0
2016-08-01,78.62,0,0,4.2,0
2016-08-02,76.28,0,0,6.3,0
2016-08-03,76.28,0,0,3.4,0
2016-08-04,67.82,0,0,7.0,0
2016-08-05,64.94,0,0,3.5,0
2016-08-06,67.64,0,0,5.1,0
2016-08-07,73.4,0,0,4.7,0
2016-08-08,77.9,0,0,8.3,0
2016-08-09,78.25999999999999,0,0,8.3,0
2016-08-10,75.56,0,0,7.4,0
2016-08-11,74.48,0,0,5.4,0
2016-08-12,69.25999999999999,0,0,4.6,0
2016-08-13,70.88,0,0,5.4,0
2016-08-14,72.86,0,0,5.4,0
2016-08-15,75.74000000000001,0,0,8.3,0
2016-08-16,70.52,0,0,7.6,0
2016-08-17,74.30000000000001,0,0,5.9,0
2016-08-18,69.44,0,0,8.8,0
2016-08-19,60.620000000000005,0,0,7.8,0
2016-08-20,60.980000000000004,0,0,4.6,0
2016-08-21,70.16,0,0,4.7,0
2016-08-22,73.58000000000001,0,0,6.4,0
2016-08-23,75.38,0,0,10.2,0
2016-08-24,64.58000000000001,0,0,9.0,0
2016-08-25,57.92,0,0,5.9,0
2016-08-26,0,0,0,0,0
2016-08-27,66.74000000000001,0,0,5.8,0
2016-08-28,70.52,0,0,5.8,0
2016-08-29,67.46000000000001,0,0,10.2,0
2016-08-30,67.64,0,0,7.8,0
2016-08-31,65.84,0,0,3.6,0
2016-09-01,67.1,0,0,4.1,0
2016-09-02,69.98,0,0,4.8,0
2016-09-03,0,0,0,0,0
2016-09-04,67.64,0,0,4.4,0
2016-09-05,69.80000000000001,0,0,6.3,0
2016-09-06,66.38,0,0,6.5,0
2016-09-07,69.08000000000001,0,0,3.7,0
2016-09-08,72.14,0,0,6.9,0
2016-09-09,62.96,0,0,9.8,0
2016-09-10,60.44,0,0,3.7,0
2016-09-11,70.34,0,0,9.2,0
2016-09-12,66.38,0,0,11.3,0
2016-09-13,51.26,0,0,6.3,0
2016-09-14,57.56,0,0,4.6,0
2016-09-15,59.18,0,0,5.1,0
2016-09-16,57.74,0,0,4.2,0
2016-09-17,61.519999999999996,0,0,3.8,0
2016-09-18,71.6,0,0,8.2,0
2016-09-19,75.2,0,0,7.0,0
2016-09-20,72.5,0,0,3.7,0
2016-09-21,72.86,0,0,5.5,0
2016-09-22,62.06,0,0,3.4,0
2016-09-23,64.22,0,0,9.7,0
2016-09-24,55.400000000000006,0,0,14.8,0
2016-09-25,56.84,0,0,5.8,0
2016-09-26,59.540000000000006,0,0,4.3,0
2016-09-27,64.4,0,0,3.8,0
2016-09-28,65.84,0,0,5.4,0
2016-09-29,63.31999999999999,0,0,3.5,0
2016-09-30,0,0,0,0,0
2016-10-01,64.58000000000001,0,0,4.7,0
2016-10-02,64.94,0,0,4.4,0
2016-10-03,60.8,0,0,15.0,0
2016-10-04,53.96,0,0,13.3,0
2016-10-05,54.86,0,0,11.1,0
2016-10-06,46.4,0,0,7.5,0
2016-10-07,47.3,0,0,4.1,0
2016-10-08,55.22,0,0,3.7,0
2016-10-09,57.2,0,0,2.2,0
2016-10-10,64.94,0,0,14.0,0
2016-10-11,63.5,0,0,10.5,0
2016-10-12,40.46,0,0,6.1,0
2016-10-13,57.019999999999996,0,0,5.7,0
2016-10-14,64.75999999999999,0,0,7.6,0
2016-10-15,71.24000000000001,0,0,8.4,0
2016-10-16,64.75999999999999,0,0,12.7,0
2016-10-17,57.2,0,0,22.2,0
2016-10-18,50.900000000000006,0,0,7.1,0
2016-10-19,46.76,0,0,8.6,0
2016-10-20,44.42,0,0,3.7,0
2016-10-21,52.879999999999995,0,0,6.5,0
2016-10-22,61.7,0,0,12.5,0
2016-10-23,57.2,0,0,4.2,0
2016-10-24,59.36,0,0,2.9,0
2016-10-25,61.34,0,0,12.9,0
2016-10-26,57.379999999999995,0,0,2.8,0
2016-10-27,0,0,0,0,0
2016-10-28,0,0,0,0,0
2016-10-29,64.4,0,0,10.5,0
2016-10-30,54.32,0,0,2.1,0
2016-10-31,64.75999999999999,0,0,18.5,0
2016-11-01,53.6,0,0,7.1,0
2016-11-02,51.44,0,0,5.2,0
2016-11-03,52.34,0,0,4.0,0
2016-11-04,52.879999999999995,0,0,3.3,0
2016-11-05,53.6,0,0,2.9,0
2016-11-06,54.5,0,0,5.8,0
2016-11-07,51.8,0,0,2.8,0
2016-11-08,49.46,0,0,2.6,0
2016-11-09,51.8,0,0,2.8,0
2016-11-10,54.14,0,0,5.9,0
2016-11-11,46.58,0,0,2.0,0
2016-11-12,48.74,0,0,2.1,0
2016-11-13,54.86,0,0,7.6,0
2016-11-14,56.3,0,0,12.0,0
2016-11-15,64.03999999999999,0,0,10.4,0
2016-11-16,66.38,0,0,13.4,0
2016-11-17,34.34,0,0,8.2,0
2016-11-18,27.86,0,0,2.1,0
2016-11-19,31.46,0,0,2.5,0
2016-11-20,0,0,0,0,0
2016-11-21,49.64,0,0,6.2,0
2016-11-22,40.64,0,0,7.4,0
2016-11-23,36.32,0,0,2.6,0
2016-11-24,41.72,0,0,17.2,0
2016-11-25,41.0,0,0,4.9,0
2016-11-26,48.2,0,0,5.8,0
2016-11-27,41.54,0,0,9.8,0
2016-11-28,38.12,0,0,13.3,0
2016-11-29,33.44,0,0,8.0,0
2016-11-30,29.66,0,0,4.9,0
2016-12-01,30.38,0,0,2.3,0
2016-12-02,29.66,0,0,5.2,0
2016-12-03,0,0,0,0,0
2016-12-04,39.92,0,0,9.9,0
2016-12-05,0,0,0,0,0
2016-12-06,0,0,0,0,0
2016-12-07,12.379999999999999,0,0,5.3,0
2016-12-08,8.599999999999998,0,0,2.1,0
2016-12-09,21.02,0,0,3.4,0
2016-12-10,37.76,0,0,13.9,0
2016-12-11,33.8,0,0,5.6,0
2016-12-12,32.54,0,0,3.1,0
2016-12-13,37.76,0,0,17.9,0
2016-12-14,21.2,0,0,4.6,0
2016-12-15,37.94,0,0,8.4,0
2016-12-16,29.84,0,0,8.2,0
2016-12-17,1.759999999999998,0,0,5.5,0
2016-12-18,7.699999999999999,0,0,4.7,0
2016-12-19,26.24,0,0,5.5,0
2016-12-20,50.540000000000006,0,0,16.8,0
2016-12-21,41.54,0,0,8.0,0
2016-12-22,32.0,0,0,1.8,0
2016-12-23,39.2,0,0,7.7,0
2016-12-24,35.96,0,0,3.4,0
2016-12-25,32.18,0,0,16.3,0
2016-12-26,27.5,0,0,5.4,0
2016-12-27,33.44,0,0,8.7,0
2016-12-28,44.06,0,0,25.0,0
2016-12-29,30.2,0,0,6.8,0
2016-12-30,52.34,0,0,15.0,0
2016-12-31,0,0,0,0,0
2017-01-01,32.36,0,0,3.7,0
2017-01-02,0,0,0,0,0
2017-01-03,19.759999999999998,0,0,5.3,0
2017-01-04,0,0,0,0,0
2017-01-05,5.359999999999999,0,0,2.9,0
2017-01-06,7.52,0,0,1.7,0
2017-01-07,14.899999999999999,0,0,1.9,0
2017-01-08,39.2,0,0,12.0,0
2017-01-09,50.18,0,0,39.9,0
2017-01-10,43.16,0,0,23.6,0
2017-01-11,40.64,0,0,22.5,0
2017-01-12,32.72,0,0,10.7,0
2017-01-13,29.12,0,0,3.0,0
2017-01-14,32.36,0,0,1.2,0
2017-01-15,32.0,0,0,2.6,0
2017-01-16,33.44,0,0,0.7,0
2017-01-17,32.0,0,0,1.1,0
2017-01-18,37.04,0,0,3.8,0
2017-01-19,39.019999999999996,0,0,3.6,0
2017-01-20,37.04,0,0,5.0,0
2017-01-21,32.9,0,0,3.6,0
2017-01-22,37.04,0,0,8.0,0
2017-01-23,39.2,0,0,6.1,0
2017-01-24,27.5,0,0,5.9,0
2017-01-25,24.08,0,0,4.4,0
2017-01-26,22.1,0,0,3.6,0
2017-01-27,28.22,0,0,5.2,0
2017-01-28,36.5,0,0,10.2,0
2017-01-29,49.1,0,0,14.3,0
2017-01-30,52.7,0,0,17.6,0
2017-01-31,51.44,0,0,7.4,0
2017-02-01,28.4,0,0,8.8,0
2017-02-02,23.0,0,0,4.8,0
2017-02-03,21.92,0,0,5.6,0
2017-02-04,46.58,0,0,27.1,0
2017-02-05,42.8,0,0,3.4,0
2017-02-06,50.0,0,0,12.4,0
2017-02-07,50.72,0,0,19.2,0
2017-02-08,51.980000000000004,0,0,25.2,0
2017-02-09,58.28,0,0,12.2,0
2017-02-10,67.28,0,0,18.3,198.0
2017-02-11,50.900000000000006,0,0,12.6,0
2017-02-12,37.94,0,0,5.6,0
2017-02-13,39.2,0,0,2.9,0
2017-02-14,38.84,0,0,8.1,0
2017-02-15,47.66,0,0,7.0,0
2017-02-16,57.2,0,0,8.1,0
2017-02-17,52.34,0,0,6.4,0
2017-02-18,0,0,0,0,0
2017-02-19,47.480000000000004,0,0,4.2,0
2017-02-20,51.08,0,0,17.4,308.0
2017-02-21,58.28,0,0,28.7,0
2017-02-22,47.3,0,0,9.3,0
2017-02-23,28.58,0,0,8.6,0
2017-02-24,21.92,0,0,2.9,0
2017-02-25,24.8,0,0,8.2,0
2017-02-26,30.02,0,0,4.7,0
2017-02-27,34.88,0,0,5.2,0
2017-02-28,33.8,0,0,10.8,0
2017-03-01,35.24,0,0,15.6,0
2017-03-02,41.18,0,0,13.5,0
2017-03-03,46.76,0,0,13.8,0
2017-03-04,51.8,0,0,9.1,0
2017-03-05,50.36,0,0,6.1,0
2017-03-06,38.12,0,0,28.8,264.0
2017-03-07,39.92,0,0,15.6,0
2017-03-08,53.96,0,0,13.8,0
2017-03-09,57.019999999999996,0,0,13.7,0
2017-03-10,42.44,0,0,4.9,0
2017-03-11,42.08,0,0,3.9,0
2017-03-12,0,0,0,0,0
2017-03-13,41.9,0,0,4.8,0
2017-03-14,59.72,0,0,17.3,0
2017-03-15,58.1,0,0,11.6,0
2017-03-16,61.88,0,0,10.6,0
2017-03-17,56.120000000000005,0,0,5.8,0
2017-03-18,59.0,0,0,5.6,0
2017-03-19,65.84,0,0,11.4,0
2017-03-20,63.5,0,0,7.7,0
2017-03-21,50.36,0,0,5.5,0
2017-03-22,50.900000000000006,0,0,2.4,0
2017-03-23,57.74,0,0,15.8,0
2017-03-24,45.68,0,0,16.5,0
2017-03-25,47.66,0,0,4.7,0
2017-03-26,46.58,0,0,4.6,0
2017-03-27,48.2,0,0,4.2,0
2017-03-28,43.16,0,0,11.0,0
2017-03-29,45.32,0,0,5.7,0
2017-03-30,48.92,0,0,5.5,0
2017-03-31,0,0,0,0,0
2017-04-01,0,0,0,0,0
2017-04-02,47.3,0,0,2.7,0
2017-04-03,46.94,0,0,14.4,0
2017-04-04,33.62,0,0,6.2,0
2017-04-05,41.54,0,0,5.8,0
2017-04-06,50.72,0,0,4.8,0
2017-04-07,59.540000000000006,0,0,10.2,0
2017-04-08,66.2,0,0,15.8,0
2017-04-09,49.46,0,0,26.7,0
2017-04-10,45.5,0,0,9.4,0
2017-04-11,50.900000000000006,0,0,7.3,0
2017-04-12,56.66,0,0,4.5,0
2017-04-13,58.46,0,0,6.6,0
2017-04-14,59.900000000000006,0,0,5.7,0
2017-04-15,57.2,0,0,8.8,0
2017-04-16,56.3,0,0,5.0,0
2017-04-17,59.36,0,0,5.9,0
2017-04-18,60.26,0,0,7.9,0
2017-04-19,0,0,0,0,0
2017-04-20,0,0,0,0,0
2017-04-21,42.44,0,0,9.6,0
2017-04-22,44.42,0,0,4.3,0
2017-04-23,53.42,0,0,3.8,0
2017-04-24,55.76,0,0,8.3,0
2017-04-25,0,0,0,0,0
2017-04-26,44.78,0,0,9.3,0
2017-04-27,45.5,0,0,10.5,0
2017-04-28,39.74,0,0,15.3,0
2017-04-29,0,0,0,0,0
2017-04-30,43.16,0,0,10.6,0
2017-05-01,53.96,0,0,17.9,301.0
2017-05-02,50.540000000000006,0,0,8.2,0
2017-05-03,45.5,0,0,5.2,0
2017-05-04,54.86,0,0,3.2,0
2017-05-05,62.78,0,0,5.8,0
2017-05-06,67.46000000000001,0,0,7.3,0
2017-05-07,64.58000000000001,0,0,7.1,0
2017-05-08,56.84,0,0,8.7,0
2017-05-09,55.58,0,0,5.7,0
2017-05-10,51.44,0,0,8.6,0
2017-05-11,53.6,0,0,5.4,0
2017-05-12,61.519999999999996,0,0,3.4,0
2017-05-13,0,0,0,0,0
2017-05-14,63.31999999999999,0,0,9.6,0
2017-05-15,63.14,0,0,5.4,0
2017-05-16,58.64,0,0,8.1,0
2017-05-17,53.6,0,0,9.8,0
2017-05-18,34.7,0,0,9.7,0
2017-05-19,37.22,0,0,7.1,0
2017-05-20,47.480000000000004,0,0,6.4,0
2017-05-21,51.44,0,0,6.7,0
2017-05-22,50.900000000000006,0,0,7.7,0
2017-05-23,52.34,0,0,5.7,0
2017-05-24,61.88,0,0,7.9,0
2017-05-25,63.5,0,0,10.7,0
2017-05-26,0,0,0,0,0
2017-05-27,0,0,0,0,0
2017-05-28,0,0,0,0,0
2017-05-29,57.74,0,0,5.9,0
2017-05-30,61.7,0,0,5.2,0
2017-05-31,65.30000000000001,0,0,5.1,0
2017-06-01,64.4,0,0,3.9,0
2017-06-02,0,0,0,0,0
2017-06-03,65.12,0,0,4.8,0
2017-06-04,67.28,0,0,4.3,0
2017-06-05,67.46000000000001,0,0,5.2,0
2017-06-06,66.02,0,0,5.2,0
2017-06-07,67.28,0,0,5.4,0
2017-06-08,66.74000000000001,0,0,3.9,0
2017-06-09,75.2,0,0,8.3,0
2017-06-10,76.82,0,0,9.0,0
2017-06-11,68.36,0,0,6.0,0
2017-06-12,74.30000000000001,0,0,9.4,0
2017-06-13,66.38,0,0,12.6,0
2017-06-14,72.68,0,0,11.1,0
2017-06-15,0,0,0,0,0
2017-06-16,77.72,0,0,11.9,0
2017-06-17,70.34,0,0,8.4,0
2017-06-18,0,0,0,0,0
2017-06-19,70.7,0,0,6.0,0
2017-06-20,0,0,0,0,0
2017-06-21,84.38,0,0,9.7,0
2017-06-22,77.9,0,0,11.8,0
2017-06-23,56.84,0,0,6.2,0
2017-06-24,60.980000000000004,0,0,3.2,0
2017-06-25,62.24,0,0,4.2,0
2017-06-26,69.62,0,0,4.5,0
2017-06-27,75.2,0,0,11.0,0
2017-06-28,73.03999999999999,0,0,5.9,0
2017-06-29,70.7,0,0,8.3,0
2017-06-30,62.06,0,0,5.7,0
2017-07-01,71.6,0,0,4.3,0
2017-07-02,75.2,0,0,6.1,0
2017-07-03,73.75999999999999,0,0,9.5,0
2017-07-04,76.1,0,0,5.3,0
2017-07-05,78.44,0,0,3.4,0
2017-07-06,0,0,0,0,0
2017-07-07,73.22,0,0,5.2,0
2017-07-08,73.75999999999999,0,0,6.9,0
2017-07-09,0,0,0,0,0
2017-07-10,78.44,0,0,6.6,0
2017-07-11,78.80000000000001,0,0,7.4,0
2017-07-12,69.80000000000001,0,0,5.4,0
2017-07-13,72.14,0,0,3.5,0
2017-07-14,74.30000000000001,0,0,3.9,0
2017-07-15,70.88,0,0,7.3,0
2017-07-16,0,0,0,0,0
2017-07-17,76.64,0,0,7.8,0
2017-07-18,78.80000000000001,0,0,6.7,0
2017-07-19,80.06,0,0,8.1,0
2017-07-20,77.72,0,0,6.3,0
2017-07-21,75.74000000000001,0,0,8.6,0
2017-07-22,74.66,0,0,4.9,0
2017-07-23,76.64,0,0,6.0,0
2017-07-24,78.62,0,0,5.4,0
2017-07-25,75.74000000000001,0,0,7.6,0
2017-07-26,69.44,0,0,5.0,0
2017-07-27,72.5,0,0,4.9,0
2017-07-28,73.94,0,0,8.5,0
2017-07-29,70.52,0,0,4.2,0
2017-07-30,70.7,0,0,2.8,0
2017-07-31,73.4,0,0,4.8,0
2017-08-01,74.48,0,0,3.8,0
2017-08-02,0,0,0,0,0
2017-08-03,60.44,0,0,8.2,0
2017-08-04,68.53999999999999,0,0,5.0,0
2017-08-05,68.36,0,0,5.8,0
2017-08-06,62.78,0,0,5.7,0
2017-08-07,57.92,0,0,9.0,0
2017-08-08,0,0,0,0,0
2017-08-09,64.58000000000001,0,0,7.9,0
2017-08-10,61.519999999999996,0,0,5.7,0
2017-08-11,64.4,0,0,4.1,0
2017-08-12,67.64,0,0,4.8,0
2017-08-13,70.34,0,0,5.4,0
2017-08-14,72.32,0,0,8.2,0
2017-08-15,0,0,0,0,0
2017-08-16,64.58000000000001,0,0,4.1,0
2017-08-17,0,0,0,0,0
2017-08-18,71.6,0,0,5.2,0
2017-08-19,76.64,0,0,6.6,0
2017-08-20,76.64,0,0,6.9,0
2017-08-21,73.75999999999999,0,0,5.4,0
2017-08-22,69.80000000000001,0,0,5.5,0
2017-08-23,71.42,0,0,9.2,0
2017-08-24,69.08000000000001,0,0,12.2,0
2017-08-25,74.12,0,0,6.4,0
2017-08-26,75.02,0,0,5.1,0
2017-08-27,74.66,0,0,6.0,0
2017-08-28,73.4,0,0,3.5,0
2017-08-29,74.66,0,0,4.8,0
2017-08-30,72.86,0,0,4.8,0
2017-08-31,69.98,0,0,6.4,0
2017-09-01,72.86,0,0,7.7,0
2017-09-02,73.03999999999999,0,0,4.3,0
2017-09-03,79.34,0,0,7.6,0
2017-09-04,73.75999999999999,0,0,9.2,0
2017-09-05,61.88,0,0,6.4,0
2017-09-06,64.03999999999999,0,0,4.1,0
2017-09-07,67.64,0,0,2.2,0
2017-09-08,68.9,0,0,5.4,0
2017-09-09,73.58000000000001,0,0,7.0,0
2017-09-10,73.94,0,0,7.0,0
2017-09-11,72.68,0,0,6.4,0
2017-09-12,74.30000000000001,0,0,3.5,0
2017-09-13,74.84,0,0,7.6,0
2017-09-14,74.12,0,0,6.4,0
2017-09-15,68.9,0,0,9.1,0
2017-09-16,54.5,0,0,5.0,0
2017-09-17,57.92,0,0,3.3,0
2017-09-18,66.74000000000001,0,0,7.4,0
2017-09-19,65.84,0,0,9.4,0
2017-09-20,57.2,0,0,3.8,0
2017-09-21,66.74000000000001,0,0,5.7,0
2017-09-22,61.88,0,0,8.4,0
2017-09-23,48.92,0,0,6.3,0
2017-09-24,46.04,0,0,5.2,0
2017-09-25,46.58,0,0,2.3,0
2017-09-26,51.08,0,0,2.4,0
2017-09-27,50.900000000000006,0,0,1.0,0
2017-09-28,51.26,0,0,5.4,0
2017-09-29,51.26,0,0,2.4,0
2017-09-30,52.519999999999996,0,0,4.9,0
2017-10-01,57.74,0,0,12.5,0
2017-10-02,40.46,0,0,3.0,0
2017-10-03,44.24,0,0,3.6,0
2017-10-04,51.980000000000004,0,0,2.8,0
2017-10-05,55.76,0,0,3.4,0
2017-10-06,55.94,0,0,12.8,0
2017-10-07,64.4,0,0,13.1,0
2017-10-08,54.5,0,0,15.0,0
2017-10-09,33.8,0,0,6.0,0
2017-10-10,41.72,0,0,0.9,0
2017-10-11,49.46,0,0,2.7,0
2017-10-12,56.66,0,0,4.9,0
2017-10-13,49.1,0,0,2.8,0
2017-10-14,47.3,0,0,13.8,0
2017-10-15,43.34,0,0,3.2,0
2017-10-16,55.58,0,0,7.6,0
2017-10-17,58.82,0,0,6.1,0
2017-10-18,0,0,0,0,0
2017-10-19,0,0,0,0,0
2017-10-20,60.8,0,0,5.9,0
2017-10-21,48.379999999999995,0,0,18.6,0
2017-10-22,53.6,0,0,10.5,0
2017-10-23,50.0,0,0,9.8,0
2017-10-24,46.4,0,0,5.1,0
2017-10-25,64.03999999999999,0,0,11.9,0
2017-10-26,46.76,0,0,12.3,0
2017-10-27,0,0,0,0,0
2017-10-28,46.76,0,0,4.3,0
2017-10-29,57.74,0,0,13.6,0
2017-10-30,32.54,0,0,7.1,0
2017-10-31,38.3,0,0,7.6,0
2017-11-01,60.08,0,0,16.6,92.0
2017-11-02,40.82,0,0,5.8,0
2017-11-03,41.9,0,0,2.1,0
2017-11-04,53.6,0,0,11.2,0
2017-11-05,40.46,0,0,5.3,0
2017-11-06,36.14,0,0,4.1,0
2017-11-07,29.12,0,0,3.9,0
2017-11-08,33.62,0,0,2.4,0
2017-11-09,33.44,0,0,4.2,0
2017-11-10,38.66,0,0,2.0,0
2017-11-11,44.78,0,0,7.1,0
2017-11-12,40.46,0,0,1.2,0
2017-11-13,49.64,0,0,5.8,0
2017-11-14,53.78,0,0,10.7,0
2017-11-15,40.64,0,0,5.7,0
2017-11-16,51.08,0,0,12.5,0
2017-11-17,53.24,0,0,12.1,0
2017-11-18,37.4,0,0,5.3,0
2017-11-19,41.54,0,0,6.5,0
2017-11-20,53.78,0,0,6.5,0
2017-11-21,43.52,0,0,6.1,0
2017-11-22,49.64,0,0,8.4,0
2017-11-23,58.28,0,0,7.6,0
2017-11-24,59.0,0,0,11.6,0
2017-11-25,46.04,0,0,5.8,0
2017-11-26,54.86,0,0,7.0,0
2017-11-27,64.03999999999999,0,0,12.2,0
2017-11-28,39.019999999999996,0,0,5.0,0
2017-11-29,42.980000000000004,0,0,9.5,0
2017-11-30,37.4,0,0,2.2,0
2017-12-01,43.34,0,0,6.0,0
2017-12-02,44.42,0,0,3.1,0
2017-12-03,45.86,0,0,7.7,0
2017-12-04,35.96,0,0,20.4,0
2017-12-05,30.92,0,0,5.8,0
2017-12-06,31.1,0,0,7.1,0
2017-12-07,28.58,0,0,4.0,0
2017-12-08,46.22,0,0,7.4,0
2017-12-09,48.379999999999995,0,0,7.9,0
2017-12-10,47.84,0,0,5.5,0
2017-12-11,43.879999999999995,0,0,6.4,0
2017-12-12,47.66,0,0,7.4,0
2017-12-13,48.2,0,0,8.5,0
2017-12-14,32.72,0,0,6.1,0
2017-12-15,42.8,0,0,6.4,0
2017-12-16,42.8,0,0,8.0,0
2017-12-17,32.9,0,0,4.0,0
2017-12-18,35.24,0,0,2.4,0
2017-12-19,37.4,0,0,3.7,0
2017-12-20,0,0,0,0,0
2017-12-21,22.82,0,0,8.6,0
2017-12-22,22.46,0,0,3.4,0
2017-12-23,21.02,0,0,6.7,0
2017-12-24,12.559999999999999,0,0,5.0,0
2017-12-25,16.88,0,0,4.1,0
2017-12-26,0,0,0,0,0
2017-12-27,32.54,0,0,21.5,0
2017-12-28,39.38,0,0,11.5,0
2017-12-29,46.4,0,0,10.8,0
2017-12-30,0,0,0,0,0
2017-12-31,0,0,0,0,0
2018-01-01,18.86,0,0,3.0,0
2018-01-02,28.22,0,0,3.7,0
2018-01-03,33.62,0,0,4.6,0
2018-01-04,38.3,0,0,4.0,0
2018-01-05,36.5,0,0,3.9,0
2018-01-06,39.019999999999996,0,0,4.9,0
2018-01-07,40.64,0,0,6.8,0
2018-01-08,35.96,0,0,3.6,0
2018-01-09,54.5,0,0,13.0,0
2018-01-10,44.6,0,0,9.0,0
2018-01-11,32.9,0,0,11.2,0
2018-01-12,36.5,0,0,9.6,0
2018-01-13,35.06,0,0,4.0,0
2018-01-14,35.06,0,0,5.6,0
2018-01-15,22.64,0,0,7.4,0
2018-01-16,17.06,0,0,1.8,0
2018-01-17,32.36,0,0,2.9,0
2018-01-18,41.18,0,0,2.4,0
2018-01-19,58.1,0,0,17.1,0
2018-01-20,0,0,0,0,0
2018-01-21,27.68,0,0,10.9,0
2018-01-22,0,0,0,0,0
2018-01-23,33.26,0,0,10.1,0
2018-01-24,32.72,0,0,4.3,0
2018-01-25,36.86,0,0,3.8,0
2018-01-26,36.14,0,0,19.8,0
2018-01-27,33.44,0,0,6.6,0
2018-01-28,36.68,0,0,9.3,0
2018-01-29,42.26,0,0,9.5,0
2018-01-30,50.72,0,0,8.1,0
2018-01-31,0,0,0,0,0
2018-02-01,28.4,0,0,5.3,0
2018-02-02,32.9,0,0,4.7,0
2018-02-03,47.84,0,0,16.7,0
2018-02-04,27.14,0,0,7.7,0
2018-02-05,38.12,0,0,16.3,0
2018-02-06,33.62,0,0,7.5,0
2018-02-07,38.3,0,0,9.2,0
2018-02-08,51.08,0,0,15.0,0
2018-02-09,29.84,0,0,9.0,0
2018-02-10,14.36,0,0,2.5,0
2018-02-11,23.36,0,0,4.8,0
2018-02-12,20.12,0,0,7.2,0
2018-02-13,37.58,0,0,15.9,0
2018-02-14,52.7,0,0,25.4,244.0
2018-02-15,40.1,0,0,14.1,0
2018-02-16,31.1,0,0,10.1,0
2018-02-17,45.14,0,0,13.2,181.0
2018-02-18,50.540000000000006,0,0,21.3,231.0
2018-02-19,13.82,0,0,9.7,0
2018-02-20,6.800000000000001,0,0,4.7,0
2018-02-21,12.2,0,0,3.4,0
2018-02-22,19.939999999999998,0,0,2.7,0
2018-02-23,23.36,0,0,3.9,0
2018-02-24,28.58,0,0,7.7,0
2018-02-25,32.54,0,0,16.6,0
2018-02-26,37.94,0,0,5.2,0
2018-02-27,38.480000000000004,0,0,4.4,0
2018-02-28,37.58,0,0,6.6,0
2018-03-01,38.12,0,0,3.8,0
2018-03-02,50.0,0,0,10.6,0
2018-03-03,49.82,0,0,4.8,0
2018-03-04,45.5,0,0,14.6,0
2018-03-05,33.44,0,0,32.1,275.0
2018-03-06,36.5,0,0,9.6,0
2018-03-07,35.6,0,0,4.3,0
2018-03-08,46.58,0,0,7.7,0
2018-03-09,53.6,0,0,12.5,0
2018-03-10,45.14,0,0,18.1,0
2018-03-11,0,0,0,0,0
2018-03-12,40.46,0,0,5.2,0
2018-03-13,41.9,0,0,4.3,0
2018-03-14,48.74,0,0,5.3,0
2018-03-15,47.120000000000005,0,0,5.9,0
2018-03-16,44.24,0,0,12.3,0
2018-03-17,0,0,0,0,0
2018-03-18,0,0,0,0,0
2018-03-19,36.68,0,0,6.4,0
2018-03-20,39.74,0,0,13.4,0
2018-03-21,44.42,0,0,3.2,0
2018-03-22,56.120000000000005,0,0,8.8,0
2018-03-23,59.540000000000006,0,0,15.9,0
2018-03-24,49.1,0,0,4.9,0
2018-03-25,48.019999999999996,0,0,8.3,0
2018-03-26,0,0,0,0,0
2018-03-27,37.76,0,0,4.6,0
2018-03-28,36.14,0,0,5.3,0
2018-03-29,34.88,0,0,7.0,0
2018-03-30,45.14,0,0,6.9,0
2018-03-31,43.7,0,0,7.1,0
2018-04-01,34.7,0,0,5.6,0
2018-04-02,52.34,0,0,16.4,0
2018-04-03,41.9,0,0,19.2,0
2018-04-04,43.7,0,0,9.8,0
2018-04-05,53.6,0,0,9.9,0
2018-04-06,32.9,0,0,10.5,0
2018-04-07,35.24,0,0,3.7,0
2018-04-08,53.42,0,0,18.1,0
2018-04-09,45.32,0,0,9.3,0
2018-04-10,0,0,0,0,0
2018-04-11,65.48,0,0,21.9,0
2018-04-12,56.480000000000004,0,0,13.3,0
2018-04-13,41.9,0,0,15.8,335.0
2018-04-14,43.7,0,0,8.0,0
2018-04-15,46.94,0,0,4.8,0
2018-04-16,49.46,0,0,2.1,0
2018-04-17,52.879999999999995,0,0,26.7,0
2018-04-18,45.32,0,0,11.2,0
2018-04-19,45.86,0,0,4.5,0
2018-04-20,43.7,0,0,10.8,0
2018-04-21,35.96,0,0,7.2,0
2018-04-22,47.84,0,0,3.1,0
2018-04-23,53.6,0,0,6.8,0
2018-04-24,35.24,0,0,6.7,0
2018-04-25,48.019999999999996,0,0,6.0,0
2018-04-26,51.620000000000005,0,0,8.2,0
2018-04-27,55.94,0,0,3.6,0
2018-04-28,58.28,0,0,5.7,0
2018-04-29,65.48,0,0,5.7,0
2018-04-30,59.0,0,0,7.2,0
2018-05-01,51.44,0,0,8.0,0
2018-05-02,45.68,0,0,6.2,0
2018-05-03,45.14,0,0,8.9,0
2018-05-04,57.2,0,0,7.9,0
2018-05-05,63.31999999999999,0,0,6.6,0
2018-05-06,62.96,0,0,3.9,0
2018-05-07,64.94,0,0,5.9,0
2018-05-08,0,0,0,0,0
2018-05-09,0,0,0,0,0
2018-05-10,64.75999999999999,0,0,7.7,0
2018-05-11,59.72,0,0,7.9,0
2018-05-12,52.519999999999996,0,0,6.0,0
2018-05-13,52.34,0,0,6.2,0
2018-05-14,55.400000000000006,0,0,3.4,0
2018-05-15,58.1,0,0,4.4,0
2018-05-16,66.02,0,0,5.4,0
2018-05-17,66.2,0,0,5.4,0
2018-05-18,56.3,0,0,5.7,0
2018-05-19,48.2,0,0,6.8,0
2018-05-20,46.4,0,0,4.6,0
2018-05-21,58.28,0,0,5.0,0
2018-05-22,62.6,0,0,8.1,0
2018-05-23,62.6,0,0,5.0,0
2018-05-24,68.18,0,0,6.4,0
2018-05-25,71.06,0,0,6.3,0
2018-05-26,71.06,0,0,3.1,0
2018-05-27,69.98,0,0,8.8,0
2018-05-28,60.08,0,0,7.7,0
2018-05-29,61.519999999999996,0,0,6.2,0
2018-05-30,63.86,0,0,5.2,0
2018-05-31,71.06,0,0,6.3,0
2018-06-01,74.30000000000001,0,0,17.3,0
2018-06-02,64.94,0,0,8.9,0
2018-06-03,62.42,0,0,4.2,0
2018-06-04,73.4,0,0,7.8,0
2018-06-05,76.1,0,0,7.8,0
2018-06-06,73.4,0,0,7.3,0
2018-06-07,74.66,0,0,5.9,0
2018-06-08,75.2,0,0,6.9,0
2018-06-09,74.48,0,0,5.8,0
2018-06-10,78.80000000000001,0,0,9.6,0
2018-06-11,71.24000000000001,0,0,10.6,0
2018-06-12,68.36,0,0,5.3,0
2018-06-13,73.94,0,0,4.0,0
2018-06-14,78.80000000000001,0,0,7.9,0
2018-06-15,76.64,0,0,6.1,0
2018-06-16,68.72,0,0,4.4,0
2018-06-17,62.06,0,0,4.8,0
2018-06-18,60.08,0,0,4.3,0
2018-06-19,63.5,0,0,9.5,0
2018-06-20,64.4,0,0,4.3,0
2018-06-21,67.28,0,0,5.2,0
2018-06-22,69.98,0,0,9.2,0
2018-06-23,69.80000000000001,0,0,5.6,0
2018-06-24,61.7,0,0,7.4,0
2018-06-25,0,0,0,0,0
2018-06-26,75.92,0,0,5.2,0
2018-06-27,82.58000000000001,0,0,9.7,0
2018-06-28,81.86,0,0,5.9,0
2018-06-29,80.96000000000001,0,0,9.9,0
2018-06-30,62.78,0,0,7.3,0
2018-07-01,67.46000000000001,0,0,4.7,0
2018-07-02,76.64,0,0,7.4,0
2018-07-03,77.53999999999999,0,0,9.0,0
2018-07-04,73.4,0,0,6.7,0
2018-07-05,71.96000000000001,0,0,8.2,0
2018-07-06,72.86,0,0,4.7,0
2018-07-07,78.25999999999999,0,0,5.6,0
2018-07-08,81.68,0,0,7.8,0
2018-07-09,80.06,0,0,4.7,0
2018-07-10,79.52,0,0,3.4,0
2018-07-11,79.52,0,0,4.8,0
2018-07-12,73.22,0,0,8.6,0
2018-07-13,74.66,0,0,6.1,0
2018-07-14,77.9,0,0,3.3,0
2018-07-15,66.2,0,0,7.4,0
2018-07-16,69.44,0,0,4.2,0
2018-07-17,71.78,0,0,6.4,0
2018-07-18,77.0,0,0,4.4,0
2018-07-19,82.22,0,0,8.0,0
2018-07-20,81.86,0,0,7.6,0
2018-07-21,79.34,0,0,6.2,0
2018-07-22,76.46000000000001,0,0,7.2,0
2018-07-23,67.64,0,0,4.5,0
2018-07-24,72.14,0,0,3.4,0
2018-07-25,68.9,0,0,8.0,0
2018-07-26,68.53999999999999,0,0,6.6,0
2018-07-27,66.74000000000001,0,0,6.3,0
2018-07-28,66.2,0,0,4.8,0
2018-07-29,62.96,0,0,5.6,0
2018-07-30,67.1,0,0,4.8,0
2018-07-31,68.9,0,0,2.8,0
2018-08-01,69.80000000000001,0,0,4.0,0
2018-08-02,74.12,0,0,3.5,0
2018-08-03,72.68,0,0,10.8,0
2018-08-04,80.96000000000001,0,0,13.6,0
2018-08-05,73.22,0,0,8.1,0
2018-08-06,69.44,0,0,6.6,0
2018-08-07,71.6,0,0,4.7,0
2018-08-08,69.44,0,0,5.0,0
2018-08-09,74.12,0,0,3.7,0
2018-08-10,75.92,0,0,4.9,0
2018-08-11,75.38,0,0,5.1,0
2018-08-12,72.68,0,0,4.9,0
2018-08-13,70.7,0,0,4.0,0
2018-08-14,68.0,0,0,5.1,0
2018-08-15,70.88,0,0,3.6,0
2018-08-16,73.03999999999999,0,0,4.1,0
2018-08-17,72.14,0,0,4.2,0
2018-08-18,67.64,0,0,4.8,0
2018-08-19,62.24,0,0,5.3,0
2018-08-20,62.24,0,0,5.2,0
2018-08-21,0,0,0,0,0
2018-08-22,65.84,0,0,5.1,0
2018-08-23,73.22,0,0,13.8,0
2018-08-24,74.12,0,0,8.1,0
2018-08-25,76.64,0,0,6.0,0
2018-08-26,76.64,0,0,11.8,0
2018-08-27,78.80000000000001,0,0,17.5,0
2018-08-28,63.5,0,0,3.9,0
2018-08-29,68.36,0,0,4.1,0
2018-08-30,75.02,0,0,7.1,0
2018-08-31,73.22,0,0,6.5,0
2018-09-01,69.80000000000001,0,0,6.4,0
2018-09-02,66.02,0,0,4.8,0
2018-09-03,68.0,0,0,3.4,0
2018-09-04,67.28,0,0,5.3,0
2018-09-05,59.72,0,0,6.6,0
2018-09-06,60.08,0,0,4.0,0
2018-09-07,63.14,0,0,3.6,0
2018-09-08,64.94,0,0,6.8,0
2018-09-09,72.5,0,0,6.8,0
2018-09-10,71.78,0,0,5.2,0
2018-09-11,0,0,0,0,0
2018-09-12,0,0,0,0,0
2018-09-13,80.06,0,0,8.5,0
2018-09-14,74.30000000000001,0,0,6.5,0
2018-09-15,73.75999999999999,0,0,4.0,0
2018-09-16,0,0,0,0,0
2018-09-17,0,0,0,0,0
2018-09-18,73.03999999999999,0,0,3.7,0
2018-09-19,68.9,0,0,8.4,0
2018-09-20,67.64,0,0,8.2,0
2018-09-21,62.06,0,0,4.0,0
2018-09-22,67.1,0,0,4.1,0
2018-09-23,71.6,0,0,6.8,0
2018-09-24,68.0,0,0,10.7,0
2018-09-25,54.14,0,0,5.7,0
2018-09-26,54.5,0,0,4.8,0
2018-09-27,61.34,0,0,5.7,0
2018-09-28,46.04,0,0,5.0,0
2018-09-29,57.2,0,0,3.9,0
2018-09-30,48.019999999999996,0,0,2.9,0
2018-10-01,53.06,0,0,1.6,0
2018-10-02,63.86,0,0,7.8,0
2018-10-03,70.7,0,0,16.9,0
2018-10-04,50.900000000000006,0,0,6.3,0
2018-10-05,0,0,0,0,0
2018-10-06,45.14,0,0,4.5,0
2018-10-07,42.26,0,0,8.1,0
2018-10-08,0,0,0,0,0
2018-10-09,36.5,0,0,5.7,0
2018-10-10,32.9,0,0,4.1,0
2018-10-11,36.68,0,0,2.4,0
2018-10-12,45.14,0,0,3.7,0
2018-10-13,47.84,0,0,8.8,0
2018-10-14,25.88,0,0,6.3,0
2018-10-15,31.46,0,0,2.9,0
2018-10-16,42.980000000000004,0,0,6.1,0
2018-10-17,46.94,0,0,6.2,0
2018-10-18,48.92,0,0,6.7,0
2018-10-19,56.66,0,0,7.0,0
2018-10-20,53.42,0,0,3.3,0
2018-10-21,57.2,0,0,5.5,0
2018-10-22,56.480000000000004,0,0,5.0,0
2018-10-23,50.540000000000006,0,0,1.6,0
2018-10-24,53.06,0,0,2.5,0
2018-10-25,54.68,0,0,6.4,0
2018-10-26,55.040000000000006,0,0,9.0,0
2018-10-27,62.06,0,0,15.8,0
2018-10-28,55.400000000000006,0,0,4.5,0
2018-10-29,60.620000000000005,0,0,7.2,0
2018-10-30,38.84,0,0,5.4,0
2018-10-31,39.2,0,0,3.4,0
2018-11-01,45.14,0,0,11.7,0
2018-11-02,48.379999999999995,0,0,11.4,0
2018-11-03,44.6,0,0,7.0,0
2018-11-04,41.36,0,0,10.4,0
2018-11-05,45.86,0,0,16.9,280.0
2018-11-06,40.64,0,0,9.3,0
2018-11-07,33.26,0,0,4.3,0
2018-11-08,31.64,0,0,5.1,0
2018-11-09,29.12,0,0,3.9,0
2018-11-10,42.620000000000005,0,0,11.3,0
2018-11-11,26.96,0,0,7.0,0
2018-11-12,24.08,0,0,2.8,0
2018-11-13,33.44,0,0,2.6,0
2018-11-14,43.52,0,0,4.7,0
2018-11-15,48.2,0,0,6.5,0
2018-11-16,46.04,0,0,12.3,0
2018-11-17,29.12,0,0,7.7,0
2018-11-18,29.48,0,0,2.3,0
2018-11-19,35.24,0,0,3.8,0
2018-11-20,38.66,0,0,2.8,0
2018-11-21,42.8,0,0,2.6,0
2018-11-22,44.96,0,0,6.7,0
2018-11-23,45.32,0,0,19.5,0
2018-11-24,37.76,0,0,15.0,0
2018-11-25,34.88,0,0,12.0,0
2018-11-26,33.8,0,0,5.2,0
2018-11-27,45.14,0,0,16.0,0
2018-11-28,50.900000000000006,0,0,17.5,0
2018-11-29,39.74,0,0,4.2,0
2018-11-30,32.54,0,0,0,0
2018-12-01,33.98,0,0,8.5,0
2018-12-02,30.2,0,0,5.6,0
2018-12-03,28.22,0,0,1.9,0
2018-12-04,31.1,0,0,10.9,0
2018-12-05,29.66,0,0,6.8,0
2018-12-06,23.9,0,0,4.6,0
2018-12-07,28.4,0,0,2.7,0
2018-12-08,32.72,0,0,3.4,0
2018-12-09,33.44,0,0,2.8,0
2018-12-10,36.14,0,0,1.5,0
2018-12-11,42.08,0,0,11.3,0
2018-12-12,39.74,0,0,13.2,0
2018-12-13,33.44,0,0,5.0,0
2018-12-14,37.04,0,0,4.1,0
2018-12-15,41.9,0,0,8.3,0
2018-12-16,41.0,0,0,5.1,0
2018-12-17,42.980000000000004,0,0,3.2,0
2018-12-18,43.879999999999995,0,0,4.8,0
2018-12-19,43.16,0,0,17.0,0
2018-12-20,33.44,0,0,2.3,0
2018-12-21,43.34,0,0,7.7,0
2018-12-22,32.9,0,0,7.2,0
2018-12-23,31.28,0,0,4.3,0
2018-12-24,36.32,0,0,4.3,0
2018-12-25,33.08,0,0,3.0,0
2018-12-26,30.2,0,0,4.6,0
2018-12-27,25.88,0,0,7.3,0
2018-12-28,19.759999999999998,0,0,5.3,0
2018-12-29,22.1,0,0,1.1,0
2018-12-30,38.3,0,0,13.2,0
2018-12-31,0,0,0,0,0
2019-01-01,7.52,0,0,3.6,0
2019-01-02,21.740000000000002,0,0,2.7,0
2019-01-03,36.14,0,0,4.6,0
2019-01-04,43.52,0,0,6.6,0
2019-01-05,42.980000000000004,0,0,1.9,0
2019-01-06,43.7,0,0,16.8,0
2019-01-07,42.8,0,0,22.1,254.0
2019-01-08,32.54,0,0,7.2,0
2019-01-09,34.52,0,0,1.9,0
2019-01-10,42.44,0,0,3.9,0
2019-01-11,34.88,0,0,3.0,0
2019-01-12,33.8,0,0,4.7,0
2019-01-13,31.64,0,0,4.1,0
2019-01-14,33.26,0,0,3.6,0
2019-01-15,35.24,0,0,2.3,0
2019-01-16,38.84,0,0,7.1,0
2019-01-17,45.5,0,0,8.8,0
2019-01-18,35.42,0,0,8.4,0
2019-01-19,37.22,0,0,9.2,0
2019-01-20,41.54,0,0,5.3,0
2019-01-21,35.24,0,0,7.1,0
2019-01-22,29.3,0,0,12.8,0
2019-01-23,34.88,0,0,18.7,0
2019-01-24,24.8,0,0,5.4,0
2019-01-25,25.7,0,0,3.9,0
2019-01-26,36.5,0,0,8.7,0
2019-01-27,45.86,0,0,22.2,0
2019-01-28,25.7,0,0,8.6,0
2019-01-29,20.12,0,0,5.0,0
2019-01-30,0,0,0,0,0
2019-01-31,35.6,0,0,6.3,0
2019-02-01,38.84,0,0,3.2,0
2019-02-02,42.08,0,0,4.7,0
2019-02-03,44.06,0,0,15.1,0
2019-02-04,40.1,0,0,16.1,316.0
2019-02-05,30.02,0,0,3.4,0
2019-02-06,0,0,0,0,0
2019-02-07,4.099999999999998,0,0,2.5,0
2019-02-08,13.099999999999998,0,0,1.9,0
2019-02-09,23.72,0,0,4.5,0
2019-02-10,23.36,0,0,3.1,0
2019-02-11,0,0,0,0,0
2019-02-12,36.5,0,0,6.8,0
2019-02-13,45.86,0,0,22.2,221.0
2019-02-14,42.980000000000004,0,0,24.4,324.0
2019-02-15,36.68,0,0,10.4,0
2019-02-16,29.3,0,0,7.0,0
2019-02-17,27.14,0,0,11.3,0
2019-02-18,14.899999999999999,0,0,6.6,0
2019-02-19,17.240000000000002,0,0,5.9,0
2019-02-20,23.9,0,0,10.7,0
2019-02-21,25.16,0,0,6.0,0
2019-02-22,23.54,0,0,2.1,0
2019-02-23,29.3,0,0,15.0,0
2019-02-24,35.96,0,0,11.5,0
2019-02-25,31.1,0,0,6.1,0
2019-02-26,0,0,0,0,0
2019-02-27,0,0,0,0,0
2019-02-28,36.14,0,0,5.3,0
2019-03-01,37.76,0,0,8.3,0
2019-03-02,21.560000000000002,0,0,13.4,8.0
2019-03-03,4.099999999999998,0,0,4.8,0
2019-03-04,8.599999999999998,0,0,2.6,0
2019-03-05,17.78,0,0,2.2,0
2019-03-06,29.12,0,0,4.5,0
2019-03-07,32.36,0,0,6.8,0
2019-03-08,37.22,0,0,6.5,0
2019-03-09,40.64,0,0,16.4,0
2019-03-10,0,0,0,0,0
2019-03-11,39.38,0,0,4.5,0
2019-03-12,0,0,0,0,0
2019-03-13,0,0,0,0,0
2019-03-14,32.18,0,0,11.7,100.0
2019-03-15,32.36,0,0,4.7,0
2019-03-16,37.04,0,0,5.9,0
2019-03-17,40.1,0,0,4.9,0
2019-03-18,0,0,0,0,0
2019-03-19,39.019999999999996,0,0,6.1,0
2019-03-20,43.52,0,0,4.4,0
2019-03-21,45.14,0,0,4.8,0
2019-03-22,43.7,0,0,7.0,0
2019-03-23,43.16,0,0,7.5,0
2019-03-24,42.44,0,0,5.2,0
2019-03-25,45.68,0,0,10.8,0
2019-03-26,49.64,0,0,3.5,0
2019-03-27,57.2,0,0,4.8,0
2019-03-28,48.019999999999996,0,0,8.4,0
2019-03-29,37.04,0,0,8.4,0
2019-03-30,34.7,0,0,4.9,0
2019-03-31,39.38,0,0,4.2,0
2019-04-01,44.42,0,0,11.9,0
2019-04-02,42.8,0,0,3.2,0
2019-04-03,47.3,0,0,5.5,0
2019-04-04,49.28,0,0,3.0,0
2019-04-05,56.3,0,0,6.3,0
2019-04-06,56.66,0,0,10.8,0
2019-04-07,58.28,0,0,16.7,0
2019-04-08,62.24,0,0,15.1,246.0
2019-04-09,61.519999999999996,0,0,7.0,0
2019-04-10,37.58,0,0,14.6,0
2019-04-11,30.56,0,0,5.8,0
2019-04-12,32.36,0,0,5.4,0
2019-04-13,36.14,0,0,6.2,0
2019-04-14,47.120000000000005,0,0,7.8,0
2019-04-15,58.28,0,0,8.6,0
2019-04-16,53.24,0,0,3.7,0
2019-04-17,52.34,0,0,8.2,0
2019-04-18,49.1,0,0,7.2,0
2019-04-19,56.120000000000005,0,0,5.0,0
2019-04-20,61.7,0,0,5.7,0
2019-04-21,56.3,0,0,9.2,0
2019-04-22,42.620000000000005,0,0,5.0,0
2019-04-23,51.620000000000005,0,0,2.6,0
2019-04-24,58.64,0,0,3.6,0
2019-04-25,54.5,0,0,8.5,0
2019-04-26,56.120000000000005,0,0,7.3,0
2019-04-27,54.5,0,0,12.3,0
2019-04-28,57.019999999999996,0,0,16.4,0
2019-04-29,33.98,0,0,7.5,0
2019-04-30,33.26,0,0,5.1,0
2019-05-01,38.12,0,0,6.2,0
2019-05-02,46.04,0,0,5.3,0
2019-05-03,53.96,0,0,7.2,0
2019-05-04,56.66,0,0,8.1,0
2019-05-05,62.78,0,0,12.9,0
2019-05-06,55.400000000000006,0,0,5.2,0
2019-05-07,46.58,0,0,7.6,0
2019-05-08,41.72,0,0,9.6,0
2019-05-09,34.34,0,0,3.4,0
2019-05-10,0,0,0,0,0
2019-05-11,49.82,0,0,7.0,0
2019-05-12,55.94,0,0,5.2,0
2019-05-13,62.42,0,0,7.7,0
2019-05-14,66.74000000000001,0,0,6.5,0
2019-05-15,66.92,0,0,6.9,0
2019-05-16,66.74000000000001,0,0,5.2,0
2019-05-17,55.400000000000006,0,0,9.8,0
2019-05-18,50.900000000000006,0,0,6.4,0
2019-05-19,42.26,0,0,7.4,0
2019-05-20,37.04,0,0,8.0,0
2019-05-21,35.42,0,0,5.4,0
2019-05-22,40.46,0,0,2.3,0
2019-05-23,40.64,0,0,2.8,0
2019-05-24,0,0,0,0,0
2019-05-25,59.900000000000006,0,0,8.7,0
2019-05-26,0,0,0,0,0
2019-05-27,0,0,0,0,0
2019-05-28,0,0,0,0,0
2019-05-29,0,0,0,0,0
2019-05-30,56.480000000000004,0,0,4.8,0
2019-05-31,61.88,0,0,7.5,0
2019-06-01,62.24,0,0,4.1,0
2019-06-02,62.96,0,0,3.9,0
2019-06-03,63.68000000000001,0,0,7.1,0
2019-06-04,64.4,0,0,4.1,0
2019-06-05,64.03999999999999,0,0,7.1,0
2019-06-06,67.82,0,0,5.9,0
2019-06-07,68.36,0,0,5.4,0
2019-06-08,0,0,0,0,0
2019-06-09,52.7,0,0,8.5,0
2019-06-10,61.7,0,0,7.0,0
2019-06-11,64.4,0,0,7.4,0
2019-06-12,64.03999999999999,0,0,5.3,0
2019-06-13,69.44,0,0,10.4,0
2019-06-14,72.14,0,0,12.8,0
2019-06-15,68.18,0,0,5.8,0
2019-06-16,63.68000000000001,0,0,7.2,0
2019-06-17,60.44,0,0,5.1,0
2019-06-18,59.72,0,0,3.2,0
2019-06-19,69.80000000000001,0,0,13.5,0
2019-06-20,0,0,0,0,0
2019-06-21,0,0,0,0,0
2019-06-22,0,0,0,0,0
2019-06-23,0,0,0,0,0
2019-06-24,0,0,0,0,0
2019-06-25,0,0,0,0,0
2019-06-26,0,0,0,0,0
2019-06-27,0,0,0,0,0
2019-06-28,0,0,0,0,0
2019-06-29,0,0,0,0,0
2019-06-30,0,0,0,0,0
2019-07-01,0,0,0,0,0
2019-07-02,0,0,0,0,0
2019-07-03,0,0,0,0,0
2019-07-04,0,0,0,0,0
2019-07-05,0,0,0,0,0
2019-07-06,0,0,0,0,0
2019-07-07,0,0,0,0,0
2019-07-08,0,0,0,0,0
2019-07-09,0,0,0,0,0
2019-07-10,0,0,0,0,0
2019-07-11,0,0,0,0,0
2019-07-12,0,0,0,0,0
2019-07-13,0,0,0,0,0
2019-07-14,0,0,0,0,0
2019-07-15,0,0,0,0,0
2019-07-16,0,0,0,0,0
2019-07-17,0,0,0,0,0
2019-07-18,0,0,0,0,0
2019-07-19,0,0,0,0,0
2019-07-20,0,0,0,0,0
2019-07-21,0,0,0,0,0
2019-07-22,0,0,0,0,0
2019-07-23,0,0,0,0,0
2019-07-24,0,0,0,0,0
2019-07-25,0,0,0,0,0
2019-07-26,0,0,0,0,0
2019-07-27,0,0,0,0,0
2019-07-28,0,0,0,0,0
2019-07-29,0,0,0,0,0
2019-07-30,0,0,0,0,0
2019-07-31,0,0,0,0,0
2019-08-01,0,0,0,0,0
2019-08-02,0,0,0,0,0
2019-08-03,0,0,0,0,0
2019-08-04,0,0,0,0,0
2019-08-05,0,0,0,0,0
2019-08-06,0,0,0,0,0
2019-08-07,0,0,0,0,0
2019-08-08,0,0,0,0,0
2019-08-09,0,0,0,0,0
2019-08-10,0,0,0,0,0
2019-08-11,0,0,0,0,0
2019-08-12,0,0,0,0,0
2019-08-13,0,0,0,0,0
2019-08-14,0,0,0,0,0
2019-08-15,0,0,0,0,0
2019-08-16,0,0,0,0,0
2019-08-17,0,0,0,0,0
2019-08-18,0,0,0,0,0
2019-08-19,0,0,0,0,0
2019-08-20,0,0,0,0,0
2019-08-21,0,0,0,0,0
2019-08-22,0,0,0,0,0
2019-08-23,0,0,0,0,0
2019-08-24,0,0,0,0,0
2019-08-25,0,0,0,0,0
2019-08-26,0,0,0,0,0
2019-08-27,0,0,0,0,0
2019-08-28,0,0,0,0,0
2019-08-29,0,0,0,0,0
2019-08-30,0,0,0,0,0
2019-08-31,0,0,0,0,0
2019-09-01,0,0,0,0,0
2019-09-02,0,0,0,0,0
2019-09-03,0,0,0,0,0
2019-09-04,0,0,0,0,0
2019-09-05,0,0,0,0,0
2019-09-06,0,0,0,0,0
2019-09-07,0,0,0,0,0
2019-09-08,0,0,0,0,0
2019-09-09,0,0,0,0,0
2019-09-10,0,0,0,0,0
2019-09-11,0,0,0,0,0
2019-09-12,0,0,0,0,0
2019-09-13,0,0,0,0,0
2019-09-14,0,0,0,0,0
2019-09-15,0,0,0,0,0
2019-09-16,0,0,0,0,0
2019-09-17,0,0,0,0,0
2019-09-18,0,0,0,0,0
2019-09-19,0,0,0,0,0
2019-09-20,0,0,0,0,0
2019-09-21,0,0,0,0,0
2019-09-22,0,0,0,0,0
2019-09-23,0,0,0,0,0
2019-09-24,0,0,0,0,0
2019-09-25,0,0,0,0,0
2019-09-26,0,0,0,0,0
2019-09-27,0,0,0,0,0
2019-09-28,0,0,0,0,0
2019-09-29,0,0,0,0,0
2019-09-30,0,0,0,0,0
2019-10-01,0,0,0,0,0
2019-10-02,0,0,0,0,0
2019-10-03,0,0,0,0,0
2019-10-04,0,0,0,0,0
2019-10-05,0,0,0,0,0
2019-10-06,0,0,0,0,0
2019-10-07,0,0,0,0,0
2019-10-08,0,0,0,0,0
2019-10-09,0,0,0,0,0
2019-10-10,0,0,0,0,0
2019-10-11,0,0,0,0,0
2019-10-12,0,0,0,0,0
2019-10-13,0,0,0,0,0
2019-10-14,0,0,0,0,0
2019-10-15,0,0,0,0,0
2019-10-16,0,0,0,0,0
2019-10-17,0,0,0,0,0
2019-10-18,0,0,0,0,0
2019-10-19,0,0,0,0,0
2019-10-20,0,0,0,0,0
2019-10-21,0,0,0,0,0
2019-10-22,0,0,0,0,0
2019-10-23,0,0,0,0,0
2019-10-24,0,0,0,0,0
2019-10-25,0,0,0,0,0
2019-10-26,0,0,0,0,0
2019-10-27,0,0,0,0,0
2019-10-28,0,0,0,0,0
2019-10-29,0,0,0,0,0
2019-10-30,0,0,0,0,0
2019-10-31,0,0,0,0,0
2019-11-01,0,0,0,0,0
2019-11-02,0,0,0,0,0
2019-11-03,0,0,0,0,0
2019-11-04,0,0,0,0,0
2019-11-05,0,0,0,0,0
2019-11-06,0,0,0,0,0
2019-11-07,0,0,0,0,0
2019-11-08,0,0,0,0,0
2019-11-09,0,0,0,0,0
2019-11-10,0,0,0,0,0
2019-11-11,0,0,0,0,0
2019-11-12,0,0,0,0,0
2019-11-13,0,0,0,0,0
2019-11-14,0,0,0,0,0
2019-11-15,0,0,0,0,0
2019-11-16,0,0,0,0,0
2019-11-17,0,0,0,0,0
2019-11-18,0,0,0,0,0
2019-11-19,0,0,0,0,0
2019-11-20,0,0,0,0,0
2019-11-21,0,0,0,0,0
2019-11-22,0,0,0,0,0
2019-11-23,0,0,0,0,0
2019-11-24,0,0,0,0,0
2019-11-25,0,0,0,0,0
2019-11-26,0,0,0,0,0
2019-11-27,0,0,0,0,0
2019-11-28,0,0,0,0,0
2019-11-29,0,0,0,0,0
2019-11-30,0,0,0,0,0
2019-12-01,0,0,0,0,0
2019-12-02,0,0,0,0,0
2019-12-03,0,0,0,0,0
2019-12-04,0,0,0,0,0
2019-12-05,0,0,0,0,0
2019-12-06,0,0,0,0,0
2019-12-07,0,0,0,0,0
2019-12-08,0,0,0,0,0
2019-12-09,0,0,0,0,0
2019-12-10,0,0,0,0,0
2019-12-11,0,0,0,0,0
2019-12-12,0,0,0,0,0
2019-12-13,0,0,0,0,0
2019-12-14,0,0,0,0,0
2019-12-15,0,0,0,0,0
2019-12-16,0,0,0,0,0
2019-12-17,0,0,0,0,0
2019-12-18,0,0,0,0,0
2019-12-19,0,0,0,0,0
2019-12-20,0,0,0,0,0
2019-12-21,0,0,0,0,0
2019-12-22,0,0,0,0,0
2019-12-23,0,0,0,0,0
2019-12-24,0,0,0,0,0
2019-12-25,0,0,0,0,0
2019-12-26,0,0,0,0,0
2019-12-27,0,0,0,0,0
2019-12-28,0,0,0,0,0
2019-12-29,0,0,0,0,0
2019-12-30,0,0,0,0,0
2019-12-31,0,0,0,0,0
2020-01-01,0,0,0,0,0
2020-01-02,0,0,0,0,0
2020-01-03,0,0,0,0,0
2020-01-04,0,0,0,0,0
2020-01-05,0,0,0,0,0
2020-01-06,0,0,0,0,0
2020-01-07,0,0,0,0,0
2020-01-08,0,0,0,0,0
2020-01-09,0,0,0,0,0
2020-01-10,0,0,0,0,0
2020-01-11,0,0,0,0,0
2020-01-12,0,0,0,0,0
2020-01-13,0,0,0,0,0
2020-01-14,0,0,0,0,0
2020-01-15,35.06,0,0,0,0
2020-01-16,0,0,0,0,0
2020-01-17,34.88,0,0,0,0
2020-01-18,30.56,0,0,0,0
2020-01-19,0,0,0,0,0
2020-01-20,0,0,0,0,0
2020-01-21,38.84,0,0,0,0
2020-01-22,43.7,0,0,0,0
2020-01-23,35.6,0,0,0,0
2020-01-24,35.96,0,0,0,0
2020-01-25,42.44,0,0,0,0
2020-01-26,40.46,0,0,0,0
2020-01-27,36.68,0,0,0,0
2020-01-28,36.86,0,0,0,0
2020-01-29,35.96,0,0,0,0
2020-01-30,31.1,0,0,0,0
2020-01-31,40.28,0,0,0,0
2020-02-01,53.42,0,0,0,0
2020-02-02,55.76,0,0,0,0
2020-02-03,23.9,0,0,0,0
2020-02-04,14.719999999999999,0,0,0,0
2020-02-05,16.7,0,0,0,0
2020-02-06,30.56,0,0,0,0
2020-02-07,28.4,0,0,0,0
2020-02-08,34.16,0,0,0,0
2020-02-09,27.5,0,0,0,0
2020-02-10,23.72,0,0,0,0
2020-02-11,21.2,0,0,0,0
2020-02-12,29.3,0,0,0,0
2020-02-13,21.2,0,0,0,0
2020-02-14,32.54,0,0,0,0
2020-02-15,32.0,0,0,0,0
2020-02-16,33.8,0,0,0,0
2020-02-17,35.06,0,0,0,0
2020-02-18,27.5,0,0,0,0
2020-02-19,22.64,0,0,0,0
2020-02-20,19.759999999999998,0,0,0,0
2020-02-21,32.54,0,0,0,0
2020-02-22,44.96,0,0,0,0
2020-02-23,37.76,0,0,0,0
2020-02-24,34.16,0,0,0,0
2020-02-25,26.24,0,0,0,0
2020-02-26,28.04,0,0,0,0
2020-02-27,41.54,0,0,0,0
2020-02-28,46.76,0,0,0,0
2020-02-29,46.22,0,0,0,0
2020-03-01,34.34,0,0,0,0
2020-03-02,33.98,0,0,0,0
2020-03-03,41.36,0,0,0,0
2020-03-04,47.84,0,0,0,0
2020-03-05,41.54,0,0,0,0
2020-03-06,47.3,0,0,0,0
2020-03-07,54.68,0,0,0,0
2020-03-08,0,0,0,0,0
2020-03-09,46.58,0,0,0,0
2020-03-10,48.2,0,0,0,0
2020-03-11,52.16,0,0,0,0
2020-03-12,43.7,0,0,0,0
2020-03-13,33.26,0,0,0,0
2020-03-14,33.08,0,0,0,0
2020-03-15,38.84,0,0,0,0
2020-03-16,42.08,0,0,0,0
2020-03-17,41.0,0,0,0,0
2020-03-18,47.120000000000005,0,0,0,0
2020-03-19,33.98,0,0,0,0
2020-03-20,23.9,0,0,0,0
2020-03-21,0,0,0,0,0
2020-03-22,41.36,0,0,0,0
2020-03-23,43.52,0,0,0,0
2020-03-24,50.900000000000006,0,0,0,0
2020-03-25,54.5,0,0,0,0
2020-03-26,43.52,0,0,0,0
2020-03-27,36.68,0,0,0,0
2020-03-28,39.56,0,0,0,0
2020-03-29,44.24,0,0,0,0
2020-03-30,44.96,0,0,0,0
2020-03-31,52.879999999999995,0,0,0,0
2020-04-01,53.24,0,0,0,0
2020-04-02,28.759999999999998,0,0,0,0
2020-04-03,29.3,0,0,0,0
2020-04-04,43.52,0,0,0,0
2020-04-05,51.26,0,0,0,0
2020-04-06,59.540000000000006,0,0,0,0
2020-04-07,59.72,0,0,0,0
2020-04-08,56.84,0,0,0,0
2020-04-09,46.58,0,0,0,0
2020-04-10,55.58,0,0,0,0
2020-04-11,58.1,0,0,0,0
2020-04-12,25.34,0,0,0,0
2020-04-13,22.1,0,0,0,0
2020-04-14,31.64,0,0,0,0
2020-04-15,40.1,0,0,0,0
2020-04-16,27.68,0,0,0,0
2020-04-17,27.68,0,0,0,0
2020-04-18,39.2,0,0,0,0
2020-04-19,44.96,0,0,0,0
2020-04-20,50.0,0,0,0,0
2020-04-21,53.6,0,0,0,0
2020-04-22,55.94,0,0,0,0
2020-04-23,55.94,0,0,0,0
2020-04-24,48.2,0,0,0,0
2020-04-25,51.8,0,0,0,0
2020-04-26,58.1,0,0,0,0
2020-04-27,64.58000000000001,0,0,0,0
2020-04-28,63.31999999999999,0,0,0,0
2020-04-29,56.84,0,0,0,0
2020-04-30,62.78,0,0,0,0
2020-05-01,0,0,0,0,0
2020-05-02,0,0,0,0,0
2020-05-03,0,0,0,0,0
2020-05-04,56.66,0,0,0,0
2020-05-05,0,0,0,0,0
2020-05-06,54.14,0,0,0,0
2020-05-07,56.84,0,0,0,0
2020-05-08,47.84,0,0,0,0
2020-05-09,50.900000000000006,0,0,0,0
2020-05-10,49.82,0,0,0,0
2020-05-11,41.0,0,0,0,0
2020-05-12,52.34,0,0,0,0
2020-05-13,61.7,0,0,0,0
2020-05-14,57.74,0,0,0,0
2020-05-15,55.76,0,0,0,0
2020-05-16,59.18,0,0,0,0
2020-05-17,57.74,0,0,0,0
2020-05-18,64.94,0,0,0,0
2020-05-19,71.42,0,0,0,0
2020-05-20,72.5,0,0,0,0
2020-05-21,61.88,0,0,0,0
2020-05-22,66.2,0,0,0,0
2020-05-23,63.86,0,0,0,0
2020-05-24,48.74,0,0,0,0
2020-05-25,52.879999999999995,0,0,0,0
2020-05-26,60.620000000000005,0,0,0,0
2020-05-27,66.2,0,0,0,0
2020-05-28,61.88,0,0,0,0
2020-05-29,68.53999999999999,0,0,0,0
2020-05-30,70.16,0,0,0,0
2020-05-31,70.16,0,0,0,0
2020-06-01,75.56,0,0,0,0
2020-06-02,76.64,0,0,0,0
2020-06-03,73.22,0,0,0,0
2020-06-04,74.48,0,0,0,0
2020-06-05,77.9,0,0,0,0
2020-06-06,69.44,0,0,0,0
2020-06-07,69.98,0,0,0,0
2020-06-08,62.42,0,0,0,0
2020-06-09,55.76,0,0,0,0
2020-06-10,64.4,0,0,0,0
2020-06-11,69.98,0,0,0,0
2020-06-12,0,0,0,0,0
2020-06-13,70.34,0,0,0,0
2020-06-14,78.25999999999999,0,0,0,0
2020-06-15,75.74000000000001,0,0,0,0
2020-06-16,78.62,0,0,0,0
2020-06-17,75.56,0,0,0,0
2020-06-18,58.46,0,0,0,0
2020-06-19,57.019999999999996,0,0,0,0
2020-06-20,66.56,0,0,0,0
2020-06-21,70.16,0,0,0,0
2020-06-22,67.82,0,0,0,0
2020-06-23,70.16,0,0,0,0
2020-06-24,72.14,0,0,0,0
2020-06-25,74.84,0,0,0,0
2020-06-26,66.38,0,0,0,0
2020-06-27,74.84,0,0,0,0
2020-06-28,72.5,0,0,0,0
2020-06-29,77.0,0,0,0,0
2020-06-30,70.16,0,0,0,0
2020-07-01,72.68,0,0,0,0
2020-07-02,74.84,0,0,0,0
2020-07-03,75.2,0,0,0,0
2020-07-04,72.14,0,0,0,0
2020-07-05,73.58000000000001,0,0,0,0
2020-07-06,77.18,0,0,0,0
2020-07-07,78.25999999999999,0,0,0,0
2020-07-08,79.52,0,0,0,0
2020-07-09,77.9,0,0,0,0
2020-07-10,79.7,0,0,0,0
2020-07-11,78.80000000000001,0,0,0,0
2020-07-12,78.80000000000001,0,0,0,0
2020-07-13,80.6,0,0,0,0
2020-07-14,69.62,0,0,0,0
2020-07-15,68.72,0,0,0,0
2020-07-16,76.28,0,0,0,0
2020-07-17,80.42,0,0,0,0
2020-07-18,0,0,0,0,0
2020-07-19,75.2,0,0,0,0
2020-07-20,76.1,0,0,0,0
2020-07-21,72.14,0,0,0,0
2020-07-22,0,0,0,0,0
2020-07-23,0,0,0,0,0
2020-07-24,71.96000000000001,0,0,0,0
2020-07-25,0,0,0,0,0
2020-07-26,70.34,0,0,0,0
2020-07-27,72.68,0,0,0,0
2020-07-28,69.98,0,0,0,0
2020-07-29,0,0,0,0,0
2020-07-30,0,0,0,0,0
2020-07-31,0,0,0,0,0
2020-08-01,0,0,0,0,0
2020-08-02,0,0,0,0,0
2020-08-03,0,0,0,0,0
2020-08-04,0,0,0,0,0
2020-08-05,0,0,0,0,0
2020-08-06,74.30000000000001,0,0,0,0
2020-08-07,79.16,0,0,0,0
2020-08-08,81.32,0,0,0,0
2020-08-09,84.02,0,0,0,0
2020-08-10,73.22,0,0,0,0
2020-08-11,0,0,0,0,0
2020-08-12,74.12,0,0,0,0
2020-08-13,79.34,0,0,0,0
2020-08-14,76.28,0,0,0,0
2020-08-15,0,0,0,0,0
2020-08-16,0,0,0,0,0
2020-08-17,0,0,0,0,0
2020-08-18,0,0,0,0,0
2020-08-19,0,0,0,0,0
2020-08-20,0,0,0,0,0
2020-08-21,0,0,0,0,0
2020-08-22,0,0,0,0,0
2020-08-23,77.9,0,0,0,0
2020-08-24,81.5,0,0,0,0
2020-08-25,0,0,0,0,0
2020-08-26,0,0,0,0,0
2020-08-27,0,0,0,0,0
2020-08-28,0,0,0,0,0
2020-08-29,63.68000000000001,0,0,0,0
2020-08-30,0,0,0,0,0
2020-08-31,0,0,0,0,0
2020-09-01,0,0,0,0,0
2020-09-02,0,0,0,0,0
2020-09-03,0,0,0,0,0
2020-09-04,0,0,0,0,0
2020-09-05,80.24000000000001,0,0,0,0
2020-09-06,0,0,0,0,0
2020-09-07,0,0,0,0,0
2020-09-08,0,0,0,0,0
2020-09-09,0,0,0,0,0
2020-09-10,0,0,0,0,0
2020-09-11,0,0,0,0,0
2020-09-12,0,0,0,0,0
2020-09-13,0,0,0,0,0
2020-09-14,0,0,0,0,0
2020-09-15,73.22,0,0,0,0
2020-09-16,65.48,0,0,0,0
2020-09-17,0,0,0,0,0
2020-09-18,0,0,0,0,0
2020-09-19,0,0,0,0,0
2020-09-20,0,0,0,0,0
2020-09-21,0,0,0,0,0
2020-09-22,69.80000000000001,0,0,0,0
2020-09-23,71.42,0,0,0,0
2020-09-24,71.6,0,0,0,0
2020-09-25,70.34,0,0,0,0
2020-09-26,73.4,0,0,0,0
2020-09-27,50.900000000000006,0,0,0,0
2020-09-28,50.540000000000006,0,0,0,0
2020-09-29,64.22,0,0,0,0
2020-09-30,60.980000000000004,0,0,0,0
2020-10-01,54.5,0,0,0,0
2020-10-02,59.18,0,0,0,0
2020-10-03,54.5,0,0,0,0
2020-10-04,61.7,0,0,0,0
2020-10-05,65.48,0,0,0,0
2020-10-06,63.31999999999999,0,0,0,0
2020-10-07,64.4,0,0,0,0
2020-10-08,64.22,0,0,0,0
2020-10-09,67.1,0,0,0,0
2020-10-10,63.68000000000001,0,0,0,0
2020-10-11,59.900000000000006,0,0,0,0
2020-10-12,61.7,0,0,0,0
2020-10-13,61.7,0,0,0,0
2020-10-14,64.22,0,0,0,0
2020-10-15,43.7,0,0,0,0
2020-10-16,48.379999999999995,0,0,0,0
2020-10-17,62.6,0,0,0,0
2020-10-18,37.22,0,0,0,0
2020-10-19,0,0,0,0,0
2020-10-20,49.46,0,0,0,0
2020-10-21,46.94,0,0,0,0
2020-10-22,35.96,0,0,0,0
2020-10-23,27.14,0,0,0,0
2020-10-24,33.26,0,0,0,0
2020-10-25,15.8,0,0,0,0
2020-10-26,12.2,0,0,0,0
2020-10-27,25.88,0,0,0,0
2020-10-28,0,0,0,0,0
2020-10-29,43.879999999999995,0,0,0,0
2020-10-30,50.0,0,0,0,0
2020-10-31,52.879999999999995,0,0,0,0
2020-11-01,44.24,0,0,0,0
2020-11-02,54.14,0,0,0,0
2020-11-03,56.84,0,0,0,0
2020-11-04,62.78,0,0,0,0
2020-11-05,57.92,0,0,0,0
2020-11-06,54.86,0,0,0,0
2020-11-07,55.22,0,0,0,0
2020-11-08,50.540000000000006,0,0,0,0
2020-11-09,32.72,0,0,0,0
2020-11-10,33.62,0,0,0,0
2020-11-11,38.3,0,0,0,0
2020-11-12,36.14,0,0,0,0
2020-11-13,44.78,0,0,0,0
2020-11-14,0,0,0,0,0
2020-11-15,48.2,0,0,0,0
2020-11-16,53.96,0,0,0,0
2020-11-17,50.900000000000006,0,0,0,0
2020-11-18,64.94,0,0,0,0
2020-11-19,49.1,0,0,0,0
2020-11-20,43.34,0,0,0,0
2020-11-21,36.68,0,0,0,0
2020-11-22,34.16,0,0,0,0
2020-11-23,41.0,0,0,0,0
2020-11-24,33.8,0,0,0,0
2020-11-25,34.88,0,0,0,0
2020-11-26,36.32,0,0,0,0
2020-11-27,32.54,0,0,0,0
2020-11-28,40.28,0,0,0,0
2020-11-29,33.26,0,0,0,0
2020-11-30,39.38,0,0,0,0
2020-12-01,36.5,0,0,0,0
2020-12-02,27.32,0,0,0,0
2020-12-03,35.06,0,0,0,0
2020-12-04,42.8,0,0,0,0
2020-12-05,40.82,0,0,0,0
2020-12-06,42.44,0,0,0,0
2020-12-07,44.6,0,0,0,0
2020-12-08,43.16,0,0,0,0
2020-12-09,46.04,0,0,0,0
2020-12-10,37.04,0,0,0,0
2020-12-11,25.7,0,0,0,0
2020-12-12,23.54,0,0,0,0
2020-12-13,22.1,0,0,0,0
2020-12-14,24.8,0,0,0,0
2020-12-15,26.6,0,0,0,0
2020-12-16,33.8,0,0,8.9,292.0
2020-12-17,33.8,0,0,5.7,347.0
2020-12-18,33.44,0,0,4.7,128.0
2020-12-19,33.8,0,0,10.1,312.0
2020-12-20,44.24,0,0,11.0,265.0
2020-12-21,50.18,0,0,22.6,249.0
2020-12-22,44.96,0,0,0,0
2020-12-23,27.86,0,0,14.1,326.0
2020-12-24,41.54,0,0,15.6,253.0
2020-12-25,40.64,0,0,2.4,356.0
2020-12-26,46.94,0,0,11.3,333.0
2020-12-27,39.38,0,0,14.2,290.0
2020-12-28,29.66,0,0,1.9,5.0
2020-12-29,29.3,0,0,3.3,39.0
2020-12-30,24.259999999999998,0,0,3.2,357.0
2020-12-31,31.46,0,0,0,0
2021-01-01,33.44,0,0,4.0,356.0
2021-01-02,33.8,1014.6,0,12.6,318.0
2021-01-03,42.620000000000005,1011.7,0,15.2,328.0
2021-01-04,43.34,1017.2,0,12.5,292.0
2021-01-05,39.38,1012.6,0,13.1,317.0
2021-01-06,31.64,1023.0,0,3.4,348.0
2021-01-07,32.9,1021.2,0,3.5,354.0
2021-01-08,35.24,1024.5,0,7.2,335.0
2021-01-09,30.02,1028.2,0,3.7,353.0
2021-01-10,28.04,1029.4,0,3.0,3.0
2021-01-11,27.14,1023.6,0,2.4,354.0
2021-01-12,34.34,1018.4,0,5.6,289.0
2021-01-13,53.24,1010.0,0,17.4,283.0
2021-01-14,33.8,1022.9,0,15.1,110.0
2021-01-15,33.26,1020.4,0,7.6,151.0
2021-01-16,41.0,1017.5,0,8.2,46.0
2021-01-17,39.2,1015.6,0,6.1,359.0
2021-01-18,34.34,1019.7,0,7.5,136.0
2021-01-19,30.56,1031.7,0,3.1,30.0
2021-01-20,38.480000000000004,1014.3,0,7.7,142.0
2021-01-21,41.18,1013.9,0,9.3,329.0
2021-01-22,33.08,1014.4,0,4.1,339.0
2021-01-23,30.74,1010.6,0,5.1,32.0
2021-01-24,28.04,1014.6,0,2.1,1.0
2021-01-25,27.68,1009.4,0,7.0,32.0
2021-01-26,21.02,1016.7,0,6.1,19.0
2021-01-27,18.14,1021.9,0,1.8,350.0
2021-01-28,29.66,1016.6,0,3.2,354.0
2021-01-29,39.56,1005.6,0,5.5,320.0
2021-01-30,42.08,1010.0,0,12.8,306.0
2021-01-31,38.12,1027.4,0,4.8,344.0
2021-02-01,37.22,1020.9,0,3.1,331.0
2021-02-02,46.94,1014.0,0,7.6,295.0
2021-02-03,47.3,1004.9,0,16.1,282.0
2021-02-04,33.44,1016.7,0,16.5,302.0
2021-02-05,35.96,1010.5,0,13.0,282.0
2021-02-06,34.16,1010.1,0,10.9,357.0
2021-02-07,35.42,1006.4,0,19.2,313.0
2021-02-08,19.04,1013.7,0,5.5,46.0
2021-02-09,19.04,1019.9,0,3.6,13.0
2021-02-10,19.759999999999998,1019.5,0,5.7,40.0
2021-02-11,16.159999999999997,1021.6,0,7.6,35.0
2021-02-12,6.259999999999998,1029.4,0,9.4,23.0
2021-02-13,1.759999999999998,1029.9,0,8.2,37.0
2021-02-14,-2.740000000000002,1036.7,0,6.8,38.0
2021-02-15,4.459999999999997,1022.5,0,3.1,19.0
2021-02-16,22.46,1004.3,0,4.6,335.0
2021-02-17,27.32,1016.9,0,4.7,18.0
2021-02-18,23.9,1028.7,0,3.4,355.0
2021-02-19,30.2,1019.5,0,8.8,357.0
2021-02-20,34.34,1011.8,0,6.8,331.0
2021-02-21,35.24,1019.6,0,16.7,277.0
2021-02-22,46.4,1016.5,0,17.2,255.0
2021-02-23,48.74,1009.0,0,14.4,266.0
2021-02-24,30.38,1025.4,0,10.2,22.0
2021-02-25,24.98,1027.9,0,2.8,2.0
2021-02-26,32.0,1010.0,0,11.8,259.0
2021-02-27,32.0,1012.9,0,9.9,326.0
2021-02-28,30.02,1023.9,0,8.2,286.0
2021-03-01,34.7,1026.3,0,2.4,354.0
2021-03-02,44.6,1014.4,0,5.1,346.0
2021-03-03,46.04,1014.7,0,5.1,343.0
2021-03-04,39.2,1017.6,0,8.7,334.0
2021-03-05,47.480000000000004,1023.7,0,8.2,206.0
2021-03-06,48.56,1014.7,0,7.1,350.0
2021-03-07,55.58,1013.9,0,7.0,331.0
2021-03-08,49.64,1012.6,0,5.2,351.0
2021-03-09,50.900000000000006,1005.8,0,8.3,358.0
2021-03-10,37.4,1009.3,0,10.2,326.0
2021-03-11,35.42,1019.3,0,5.9,346.0
2021-03-12,36.68,1024.3,0,1.2,358.0
2021-03-13,33.8,1019.7,0,8.3,3.0
2021-03-14,0,0,0,0,0
2021-03-15,28.22,1010.8,0,5.3,343.0
2021-03-16,30.56,1013.7,0,4.5,24.0
2021-03-17,35.24,1020.0,0,3.3,24.0
2021-03-18,33.98,1024.6,0,2.6,354.0
2021-03-19,40.64,1021.5,0,2.4,11.0
2021-03-20,44.96,1011.6,0,3.6,5.0
2021-03-21,39.2,1014.0,0,7.2,59.0
2021-03-22,33.62,1012.6,0,2.5,355.0
2021-03-23,35.6,1011.3,0,9.9,357.0
2021-03-24,34.34,1012.6,0,6.4,30.0
2021-03-25,38.66,1003.7,0,6.3,348.0
2021-03-26,39.74,1009.2,0,5.2,318.0
2021-03-27,41.36,1020.6,0,8.0,60.0
2021-03-28,48.2,1019.1,0,9.3,278.0
2021-03-29,57.74,1001.6,0,23.9,229.0
2021-03-30,33.26,1021.7,0,9.9,131.0
2021-03-31,38.84,1030.7,0,4.5,14.0
2021-04-01,48.74,1023.0,0,6.4,69.0
2021-04-02,57.2,1014.2,0,6.1,64.0
2021-04-03,61.16,1017.6,0,6.8,2.0
2021-04-04,64.22,1013.6,0,9.9,281.0
2021-04-05,64.94,1002.7,0,9.3,305.0
2021-04-06,46.4,1005.4,0,9.5,12.0
2021-04-07,46.4,1014.3,0,9.6,333.0
2021-04-08,56.66,1008.8,0,15.4,270.0
2021-04-09,46.04,1014.4,0,11.1,18.0
2021-04-10,49.46,1010.8,0,8.4,314.0
2021-04-11,49.1,1010.6,0,9.9,68.0
2021-04-12,35.24,1019.4,0,5.0,359.0
2021-04-13,34.34,1022.3,0,7.2,354.0
2021-04-14,33.8,1021.3,0,6.8,351.0
2021-04-15,33.8,1015.8,0,9.5,1.0
2021-04-16,31.82,1021.6,0,3.0,350.0
2021-04-17,36.68,1023.2,0,4.0,337.0
2021-04-18,45.14,1020.1,0,9.9,252.0
2021-04-19,34.34,1018.2,0,9.6,33.0
2021-04-20,27.14,1023.4,0,4.5,24.0
2021-04-21,31.28,1020.4,0,4.2,1.0
2021-04-22,38.66,1009.1,0,5.6,356.0
2021-04-23,45.86,1011.2,0,9.7,302.0
2021-04-24,46.22,1012.6,0,4.1,5.0
2021-04-25,60.08,1005.3,0,6.6,314.0
2021-04-26,64.03999999999999,1001.8,0,13.3,216.0
2021-04-27,49.64,1010.5,0,11.1,337.0
2021-04-28,48.2,1019.5,0,3.4,334.0
2021-04-29,55.94,1025.5,0,6.2,209.0
2021-04-30,64.58000000000001,1022.8,0,6.5,58.0
2021-05-01,71.6,1010.8,0,9.4,169.0
2021-05-02,56.84,1006.7,0,10.3,349.0
2021-05-03,39.56,1018.1,0,6.0,335.0
2021-05-04,46.4,1018.4,0,3.9,355.0
2021-05-05,49.28,1023.0,0,5.1,7.0
2021-05-06,53.24,1025.0,0,4.2,356.0
2021-05-07,65.48,1014.1,0,6.6,152.0
2021-05-08,60.8,1008.5,0,15.6,275.0
2021-05-09,44.6,1018.3,0,10.1,118.0
2021-05-10,39.2,1018.9,0,12.8,354.0
2021-05-11,37.4,1023.5,0,7.5,8.0
2021-05-12,49.28,1024.1,0,4.8,26.0
2021-05-13,57.379999999999995,1020.9,0,4.6,15.0
2021-05-14,57.2,1019.8,0,4.9,345.0
2021-05-15,55.58,1017.3,0,5.3,345.0
2021-05-16,54.86,1017.0,0,3.6,14.0
2021-05-17,54.14,1016.3,0,3.8,357.0
2021-05-18,53.96,1014.5,0,5.1,22.0
2021-05-19,55.040000000000006,1008.0,0,4.8,296.0
2021-05-20,58.46,1003.9,0,5.9,272.0
2021-05-21,62.78,1007.0,0,14.5,195.0
2021-05-22,54.14,1019.8,0,6.2,5.0
2021-05-23,59.540000000000006,1015.0,0,10.1,324.0
2021-05-24,57.74,1017.3,0,6.4,34.0
2021-05-25,64.03999999999999,1018.9,0,8.8,332.0
2021-05-26,62.42,1017.3,0,6.3,341.0
2021-05-27,61.34,1020.2,0,7.5,46.0
2021-05-28,62.06,1018.2,0,5.9,354.0
2021-05-29,59.18,1018.5,0,7.2,34.0
2021-05-30,51.08,1023.5,0,8.9,5.0
2021-05-31,51.620000000000005,1025.5,0,2.4,350.0
2021-06-01,55.94,1022.7,0,5.4,328.0
2021-06-02,62.42,1019.8,0,2.5,25.0
2021-06-03,68.36,1018.5,0,3.0,8.0
2021-06-04,72.5,1017.0,0,3.2,8.0
2021-06-05,74.84,1012.5,0,7.7,322.0
2021-06-06,74.84,1011.6,0,10.6,277.0
2021-06-07,70.34,1012.9,0,4.7,352.0
2021-06-08,74.12,1013.7,0,5.5,335.0
2021-06-09,74.84,1019.6,0,5.3,31.0
2021-06-10,74.66,1013.3,0,6.7,334.0
2021-06-11,68.9,1019.1,0,10.5,142.0
2021-06-12,69.44,1020.0,0,4.1,348.0
2021-06-13,75.38,1021.0,0,4.7,17.0
2021-06-14,78.44,1021.6,0,5.7,358.0
2021-06-15,80.42,1021.5,0,6.5,321.0
2021-06-16,84.74000000000001,1021.0,0,5.8,331.0
2021-06-17,82.4,1018.0,0,6.1,348.0
2021-06-18,79.16,1018.0,0,6.3,5.0
2021-06-19,73.58000000000001,1014.8,0,6.3,4.0
2021-06-20,72.5,1015.3,0,10.4,10.0
2021-06-21,60.26,1022.8,0,5.1,102.0
2021-06-22,73.03999999999999,1014.1,0,5.0,16.0
2021-06-23,79.88,1014.4,0,8.2,311.0
2021-06-24,73.94,1017.5,0,10.9,313.0
2021-06-25,63.14,1017.8,0,5.4,351.0
2021-06-26,60.26,1021.6,0,7.5,254.0
2021-06-27,61.16,1023.2,0,6.9,275.0
2021-06-28,63.31999999999999,1025.0,0,7.0,338.0
2021-06-29,64.22,1025.0,0,6.5,327.0
2021-06-30,67.82,1022.6,0,5.4,336.0
2021-07-01,65.84,1022.7,0,5.5,348.0
2021-07-02,68.0,1021.7,0,3.4,355.0
2021-07-03,71.78,1019.5,0,5.6,346.0
2021-07-04,73.4,1019.8,0,5.5,341.0
2021-07-05,73.4,1020.2,0,7.2,335.0
2021-07-06,73.03999999999999,1023.2,0,5.9,51.0
2021-07-07,75.74000000000001,1021.4,0,6.8,150.0
2021-07-08,79.34,1016.4,0,9.5,323.0
2021-07-09,82.75999999999999,1018.5,0,8.1,273.0
2021-07-10,73.94,1025.0,0,6.4,32.0
2021-07-11,71.24000000000001,1023.8,0,2.2,10.0
2021-07-12,73.58000000000001,1021.7,0,2.8,355.0
2021-07-13,74.12,1020.5,0,9.8,263.0
2021-07-14,68.18,1020.5,0,4.0,0.0
2021-07-15,69.80000000000001,1020.2,0,2.8,358.0
2021-07-16,74.66,1018.8,0,7.8,326.0
2021-07-17,75.56,1022.4,0,7.2,336.0
2021-07-18,76.1,1025.8,0,5.6,5.0
2021-07-19,78.98,1025.8,0,4.6,346.0
2021-07-20,77.72,1022.0,0,2.8,6.0
2021-07-21,76.1,1020.8,0,5.7,12.0
2021-07-22,80.24000000000001,1019.9,0,7.1,322.0
2021-07-23,77.9,1021.3,0,5.8,22.0
2021-07-24,76.82,1023.4,0,4.5,360.0
2021-07-25,76.64,1021.7,0,5.6,1.0
2021-07-26,77.53999999999999,1020.4,0,3.5,2.0
2021-07-27,78.80000000000001,1021.9,0,4.5,37.0
2021-07-28,80.96000000000001,1021.0,0,4.1,346.0
2021-07-29,78.80000000000001,1023.0,0,6.1,2.0
2021-07-30,76.82,1023.5,0,7.2,16.0
2021-07-31,65.48,1028.8,0,7.8,339.0
2021-08-01,70.34,1029.2,0,3.8,348.0
2021-08-02,72.14,1024.8,0,5.2,333.0
2021-08-03,70.7,1022.8,0,8.6,300.0
2021-08-04,70.34,1023.8,0,4.5,351.0
2021-08-05,76.82,1021.8,0,6.0,105.0
2021-08-06,75.38,1016.7,0,4.1,340.0
2021-08-07,72.5,1017.4,0,10.2,290.0
2021-08-08,77.9,1016.2,0,6.2,85.0
2021-08-09,81.5,1016.3,0,6.5,5.0
2021-08-10,77.53999999999999,1018.9,0,7.5,311.0
2021-08-11,78.25999999999999,1019.2,0,8.4,322.0
2021-08-12,76.1,1022.6,0,7.8,1.0
2021-08-13,71.96000000000001,1026.3,0,6.1,341.0
2021-08-14,75.56,1024.2,0,4.1,16.0
2021-08-15,76.28,1021.3,0,7.3,308.0
2021-08-16,77.0,1018.2,0,6.0,11.0
2021-08-17,77.0,1013.8,0,6.5,341.0
2021-08-18,76.82,1013.3,0,5.3,5.0
2021-08-19,68.53999999999999,1014.9,0,6.3,351.0
2021-08-20,66.38,1015.9,0,12.9,313.0
2021-08-21,65.12,1018.4,0,5.4,344.0
2021-08-22,71.78,1015.4,0,5.4,327.0
2021-08-23,76.1,1017.0,0,6.7,273.0
2021-08-24,76.64,1018.3,0,7.0,342.0
2021-08-25,71.96000000000001,1023.4,0,4.2,0.0
2021-08-26,70.88,1020.6,0,5.6,1.0
2021-08-27,76.64,1016.1,0,8.8,1.0
2021-08-28,73.4,1017.7,0,7.4,356.0
2021-08-29,69.44,1022.5,0,7.0,49.0
2021-08-30,73.75999999999999,1015.9,0,4.6,12.0
2021-08-31,78.44,1013.0,0,5.8,5.0
2021-09-01,71.96000000000001,1012.8,0,5.2,349.0
2021-09-02,69.62,1016.9,0,6.7,304.0
2021-09-03,67.64,1020.3,0,6.5,348.0
2021-09-04,68.0,1021.6,0,5.5,23.0
2021-09-05,72.32,1022.1,0,6.9,359.0
2021-09-06,76.28,1020.3,0,6.7,13.0
2021-09-07,71.96000000000001,1023.5,0,5.7,25.0
2021-09-08,69.80000000000001,1023.6,0,3.8,359.0
2021-09-09,73.75999999999999,1021.8,0,4.1,7.0
2021-09-10,78.44,1020.3,0,4.5,351.0
2021-09-11,77.53999999999999,1020.4,0,7.0,14.0
2021-09-12,69.80000000000001,1022.0,0,5.3,5.0
2021-09-13,69.80000000000001,1018.2,0,4.9,16.0
2021-09-14,65.66,1019.9,0,8.6,320.0
2021-09-15,69.80000000000001,1015.9,0,4.3,11.0
2021-09-16,76.64,1013.3,0,7.7,233.0
2021-09-17,59.0,1024.8,0,6.6,24.0
2021-09-18,68.53999999999999,1020.0,0,3.8,7.0
2021-09-19,76.46000000000001,1012.5,0,15.8,249.0
2021-09-20,59.72,1020.4,0,11.9,36.0
2021-09-21,52.34,1032.2,0,4.2,47.0
2021-09-22,60.620000000000005,1026.0,0,5.2,57.0
2021-09-23,66.56,1020.0,0,5.1,340.0
2021-09-24,60.8,1023.5,0,6.7,354.0
2021-09-25,66.74000000000001,1019.8,0,3.9,41.0
2021-09-26,71.78,1016.7,0,6.4,339.0
2021-09-27,71.78,1016.3,0,3.4,6.0
2021-09-28,68.72,1010.6,0,7.4,355.0
2021-09-29,56.84,1016.0,0,7.3,40.0
2021-09-30,48.56,1026.2,0,2.9,6.0
2021-10-01,54.86,1023.0,0,3.3,0.0
2021-10-02,59.36,1024.0,0,2.8,5.0
2021-10-03,62.24,1023.0,0,5.3,50.0
2021-10-04,65.30000000000001,1024.0,0,6.0,319.0
2021-10-05,62.78,1022.5,0,2.6,6.0
2021-10-06,61.7,1017.5,0,4.4,344.0
2021-10-07,65.12,1018.5,0,3.6,6.0
2021-10-08,62.24,1016.9,0,6.0,3.0
2021-10-09,58.64,1011.7,0,17.6,267.0
2021-10-10,54.86,1013.4,0,8.3,278.0
2021-10-11,55.58,1009.2,0,6.5,34.0
2021-10-12,44.78,1004.1,0,9.8,4.0
2021-10-13,45.86,1006.2,0,9.0,128.0
2021-10-14,39.019999999999996,1015.5,0,7.1,355.0
2021-10-15,43.16,1024.1,0,10.3,301.0
2021-10-16,48.92,1026.3,0,2.8,356.0
2021-10-17,54.68,1020.0,0,3.1,332.0
2021-10-18,57.379999999999995,1010.8,0,5.0,350.0
2021-10-19,47.84,1012.6,0,5.9,45.0
2021-10-20,44.6,1022.5,0,3.1,19.0
2021-10-21,45.68,1024.0,0,3.6,341.0
2021-10-22,53.96,1017.0,0,3.7,341.0
2021-10-23,56.120000000000005,1008.2,0,7.5,344.0
2021-10-24,53.6,1011.8,0,6.9,353.0
2021-10-25,51.8,1010.7,0,2.9,8.0
2021-10-26,49.1,1002.0,0,8.3,298.0
2021-10-27,47.84,1014.2,0,22.4,299.0
2021-10-28,45.5,1023.2,0,6.6,90.0
2021-10-29,54.86,1019.6,0,6.9,306.0
2021-10-30,55.94,1017.4,0,8.9,0.0
2021-10-31,39.56,1022.8,0,7.0,12.0
2021-11-01,35.42,1024.4,0,5.5,10.0
2021-11-02,38.3,1024.0,0,1.2,1.0
2021-11-03,45.86,1024.3,0,2.5,14.0
2021-11-04,48.92,1019.2,0,3.1,341.0
2021-11-05,59.0,1017.8,0,6.1,7.0
2021-11-06,55.58,1018.0,0,7.1,328.0
2021-11-07,62.6,1015.4,0,9.6,234.0
2021-11-08,41.9,1023.0,0,3.9,7.0
2021-11-09,41.54,1018.6,0,2.1,356.0
2021-11-10,49.64,1015.1,0,22.7,290.0
2021-11-11,43.52,1018.7,0,17.0,325.0
2021-11-12,40.1,1023.4,0,3.0,24.0
2021-11-13,56.480000000000004,1019.8,0,15.5,291.0
2021-11-14,51.980000000000004,1019.6,0,23.4,251.0
2021-11-15,65.30000000000001,1017.7,0,19.0,262.0
2021-11-16,62.24,1008.8,0,13.2,167.0
2021-11-17,31.82,1024.6,0,6.3,45.0
2021-11-18,32.54,1023.2,0,3.0,353.0
2021-11-19,47.480000000000004,1015.3,0,6.1,336.0
2021-11-20,44.6,1019.8,0,4.6,346.0
2021-11-21,42.26,1026.7,0,6.1,356.0
2021-11-22,45.68,1022.3,0,5.0,359.0
2021-11-23,51.08,1008.8,0,11.0,276.0
2021-11-24,41.0,1018.9,0,10.2,115.0
2021-11-25,41.36,1026.3,0,8.9,282.0
2021-11-26,54.5,1019.3,0,8.4,286.0
2021-11-27,46.76,1022.4,0,7.9,134.0
2021-11-28,48.2,1022.4,0,6.6,291.0
2021-11-29,60.8,1019.7,0,8.1,236.0
2021-11-30,51.8,1020.9,0,11.4,272.0
2021-12-01,58.1,1020.1,0,14.0,273.0
2021-12-02,58.64,1019.1,0,5.6,324.0
2021-12-03,47.3,1020.6,0,6.8,349.0
2021-12-04,46.4,1016.5,0,3.5,342.0
2021-12-05,47.66,1014.0,0,11.7,55.0
2021-12-06,25.34,1016.7,0,4.8,18.0
2021-12-07,39.2,1010.5,0,7.9,305.0
2021-12-08,41.54,1005.8,0,8.3,322.0
2021-12-09,43.52,1002.9,0,8.5,333.0
2021-12-10,31.1,1005.6,0,12.3,324.0
2021-12-11,34.16,1012.5,0,6.0,357.0
2021-12-12,47.120000000000005,1011.3,0,13.7,266.0
2021-12-13,41.54,1015.7,0,3.6,353.0
2021-12-14,42.44,1009.5,0,3.6,21.0
2021-12-15,41.18,999.3,0,20.7,249.0
2021-12-16,36.14,1010.3,0,16.8,288.0
2021-12-17,34.16,1015.1,0,12.1,263.0
2021-12-18,23.9,1021.1,0,1.5,358.0
2021-12-19,41.0,1015.7,0,6.8,3.0
2021-12-20,46.94,1017.3,0,10.3,245.0
2021-12-21,45.68,1014.3,0,10.2,115.0
2021-12-22,51.08,1011.8,0,10.2,153.0
2021-12-23,54.14,1005.6,0,19.1,241.0
2021-12-24,43.7,999.5,0,6.4,250.0
2021-12-25,44.78,1007.1,0,13.7,244.0
2021-12-26,37.04,1000.7,0,12.8,250.0
2021-12-27,33.08,1001.1,0,6.9,346.0
2021-12-28,30.38,998.1,0,10.6,150.0
2021-12-29,23.54,1003.0,0,4.0,28.0
2021-12-30,37.76,997.6,0,31.3,241.0
2021-12-31,30.92,1000.3,0,11.2,71.0
2022-01-01,8.779999999999998,1012.3,0,3.6,14.0
2022-01-02,20.66,1022.3,0,7.0,248.0
2022-01-03,28.759999999999998,1013.9,0,6.6,210.0
2022-01-04,32.36,1008.3,0,14.4,262.0
2022-01-05,15.079999999999998,1021.0,0,8.3,26.0
2022-01-06,6.98,1021.1,0,4.4,271.0
2022-01-07,38.480000000000004,1003.4,0,14.6,231.0
2022-01-08,41.9,1010.8,0,8.0,157.0
2022-01-09,27.32,1029.8,0,3.2,355.0
2022-01-10,34.16,1031.0,0,1.7,350.0
2022-01-11,35.96,1024.3,0,5.2,324.0
2022-01-12,43.34,1023.4,0,7.7,316.0
2022-01-13,44.24,1020.3,0,4.0,346.0
2022-01-14,36.14,1021.5,0,9.5,25.0
2022-01-15,35.42,1023.9,0,6.5,315.0
2022-01-16,42.26,1018.3,0,11.8,339.0
2022-01-17,37.58,1013.2,0,2.8,3.0
2022-01-18,38.66,1011.3,0,4.9,280.0
2022-01-19,24.98,1023.2,0,8.7,59.0
2022-01-20,23.54,1021.7,0,0.8,359.0
2022-01-21,30.02,1020.5,0,2.4,345.0
2022-01-22,31.46,1024.1,0,1.9,351.0
2022-01-23,36.86,1018.1,0,4.8,325.0
2022-01-24,38.3,1013.5,0,8.5,342.0
2022-01-25,27.32,1020.9,0,8.5,352.0
2022-01-26,23.18,1017.1,0,2.5,352.0
2022-01-27,26.42,1026.7,0,5.6,354.0
2022-01-28,32.54,1026.7,0,6.8,258.0
2022-01-29,38.66,1021.0,0,4.8,339.0
2022-01-30,34.7,1016.7,0,3.9,341.0
2022-01-31,41.54,1007.3,0,7.8,8.0
2022-02-01,28.759999999999998,1013.8,0,10.7,67.0
2022-02-02,10.940000000000001,1020.0,0,9.8,3.0
2022-02-03,6.079999999999998,1022.0,0,0.8,352.0
2022-02-04,22.82,1025.9,0,6.0,131.0
2022-02-05,38.12,1018.4,0,16.1,301.0
2022-02-06,32.72,1025.8,0,6.3,122.0
2022-02-07,41.0,1023.7,0,9.4,298.0
2022-02-08,47.66,1019.8,0,15.8,313.0
2022-02-09,43.34,1019.6,0,11.8,334.0
2022-02-10,45.86,1014.9,0,13.5,252.0
2022-02-11,35.24,1020.8,0,11.0,26.0
2022-02-12,25.52,1025.9,0,3.1,322.0
2022-02-13,39.2,1022.6,0,8.7,277.0
2022-02-14,38.84,1016.5,0,4.7,350.0
2022-02-15,44.6,1005.4,0,5.6,1.0
2022-02-16,28.94,1010.0,0,5.7,31.0
2022-02-17,23.18,1019.1,0,5.6,41.0
2022-02-18,31.64,1020.7,0,5.8,334.0
2022-02-19,40.82,1016.1,0,5.2,332.0
2022-02-20,47.480000000000004,1007.6,0,8.4,245.0
2022-02-21,32.18,1005.0,0,14.2,77.0
2022-02-22,5.0,1019.2,0,7.0,24.0
2022-02-23,4.459999999999997,1017.8,0,7.1,356.0
2022-02-24,11.84,1014.5,0,3.8,358.0
2022-02-25,17.96,1022.6,0,3.1,352.0
2022-02-26,23.0,1024.4,0,3.7,346.0
2022-02-27,34.7,1024.5,0,3.3,337.0
2022-02-28,48.019999999999996,1022.4,0,8.2,319.0
2022-03-01,56.3,1021.5,0,8.8,269.0
2022-03-02,54.14,1021.3,0,6.0,309.0
2022-03-03,52.879999999999995,1017.1,0,4.6,342.0
2022-03-04,48.019999999999996,1007.4,0,5.6,326.0
2022-03-05,32.54,1010.2,0,7.7,72.0
2022-03-06,22.46,1018.3,0,7.6,35.0
2022-03-07,22.46,1020.7,0,2.9,8.0
2022-03-08,30.2,1013.7,0,7.3,17.0
2022-03-09,15.98,1013.6,0,12.4,15.0
2022-03-10,13.64,1016.0,0,3.9,26.0
2022-03-11,21.560000000000002,1020.0,0,4.3,14.0
2022-03-12,41.54,1017.3,0,13.1,305.0
2022-03-13,0,0,0,0,0
2022-03-14,44.6,1020.6,0,5.1,12.0
2022-03-15,49.64,1018.8,0,11.7,251.0
2022-03-16,46.4,1013.8,0,7.0,353.0
2022-03-17,32.9,1019.8,0,10.0,339.0
2022-03-18,38.480000000000004,1017.8,0,8.4,330.0
2022-03-19,45.32,1016.8,0,5.8,141.0
2022-03-20,49.64,1008.5,0,6.4,332.0
2022-03-21,38.66,1015.7,0,8.2,80.0
2022-03-22,35.42,1021.0,0,15.4,340.0
2022-03-23,42.26,1018.7,0,16.0,338.0
2022-03-24,52.16,1016.6,0,15.4,274.0
2022-03-25,48.56,1021.5,0,5.9,31.0
2022-03-26,57.92,1015.2,0,13.3,302.0
2022-03-27,46.94,1014.4,0,4.4,351.0
2022-03-28,58.1,1007.8,0,5.3,352.0
2022-03-29,48.74,1001.7,0,8.5,46.0
2022-03-30,38.480000000000004,1009.1,0,11.6,121.0
2022-03-31,47.66,1008.0,0,5.8,47.0
2022-04-01,49.82,1011.3,0,11.1,41.0
2022-04-02,48.56,1015.1,0,4.7,6.0
2022-04-03,47.66,1015.4,0,5.0,33.0
2022-04-04,50.540000000000006,1006.8,0,8.4,309.0
2022-04-05,51.8,1003.4,0,26.0,265.0
2022-04-06,38.84,1021.0,0,24.0,303.0
2022-04-07,43.52,1026.3,0,9.1,89.0
2022-04-08,49.82,1021.7,0,6.5,133.0
2022-04-09,63.68000000000001,1006.4,0,17.1,266.0
2022-04-10,44.96,1006.0,0,21.1,239.0
2022-04-11,45.68,1001.8,0,4.5,19.0
2022-04-12,45.14,996.2,0,25.9,256.0
2022-04-13,30.92,1010.9,0,13.8,285.0
2022-04-14,43.16,1011.4,0,19.7,241.0
2022-04-15,47.480000000000004,1010.6,0,12.0,31.0
2022-04-16,41.72,1015.6,0,6.0,356.0
2022-04-17,48.74,1017.0,0,13.6,321.0
2022-04-18,44.06,1022.9,0,4.7,2.0
2022-04-19,58.46,1005.6,0,11.6,271.0
2022-04-20,59.540000000000006,1009.0,0,10.1,97.0
2022-04-21,60.26,1012.5,0,5.7,346.0
2022-04-22,63.5,1000.6,0,19.4,239.0
2022-04-23,52.34,1003.7,0,13.1,348.0
2022-04-24,44.6,1019.4,0,8.4,55.0
2022-04-25,44.06,1025.9,0,5.0,13.0
2022-04-26,55.040000000000006,1018.9,0,3.9,25.0
2022-04-27,59.900000000000006,1013.4,0,8.4,261.0
2022-04-28,61.88,1009.4,0,5.9,350.0
2022-04-29,54.5,1007.0,0,23.6,282.0
2022-04-30,53.6,1016.2,0,14.1,102.0
2022-05-01,49.1,1014.4,0,8.8,340.0
2022-05-02,39.74,1015.3,0,11.8,23.0
2022-05-03,42.44,1012.5,0,6.0,3.0
2022-05-04,43.879999999999995,1015.8,0,6.6,12.0
2022-05-05,53.96,1015.7,0,6.6,354.0
2022-05-06,65.84,1011.6,0,3.3,12.0
2022-05-07,67.64,1004.6,0,10.3,165.0
2022-05-08,59.36,1001.0,0,9.1,58.0
2022-05-09,57.019999999999996,1003.1,0,10.2,89.0
2022-05-10,56.3,1016.0,0,7.6,60.0
2022-05-11,65.84,1011.9,0,7.1,320.0
2022-05-12,60.8,1012.3,0,18.2,280.0
2022-05-13,63.68000000000001,1017.1,0,20.2,227.0
2022-05-14,66.38,1018.5,0,8.7,246.0
2022-05-15,64.94,1021.8,0,8.4,44.0
2022-05-16,66.2,1015.5,0,5.3,337.0
2022-05-17,68.18,1014.8,0,7.4,358.0
2022-05-18,69.44,1016.8,0,7.9,328.0
2022-05-19,69.98,1003.5,0,17.4,240.0
2022-05-20,36.32,1012.2,0,4.6,35.0
2022-05-21,38.84,1024.1,0,5.5,322.0
2022-05-22,48.2,1022.2,0,4.6,3.0
2022-05-23,50.18,1017.4,0,9.1,9.0
2022-05-24,46.76,1017.1,0,6.3,350.0
2022-05-25,55.76,1017.1,0,4.2,18.0
2022-05-26,65.48,1018.3,0,5.8,16.0
2022-05-27,71.96000000000001,1014.7,0,6.6,351.0
2022-05-28,68.9,1006.2,0,7.2,321.0
2022-05-29,60.620000000000005,1001.5,0,12.9,250.0
2022-05-30,55.22,1005.3,0,12.2,298.0
2022-05-31,48.379999999999995,1019.4,0,6.2,354.0
2022-06-01,47.480000000000004,1024.2,0,2.6,23.0
2022-06-02,56.66,1019.7,0,4.2,23.0
2022-06-03,61.88,1015.4,0,5.3,355.0
2022-06-04,66.74000000000001,1012.3,0,7.1,106.0
2022-06-05,67.82,1011.0,0,8.1,326.0
2022-06-06,63.68000000000001,1013.7,0,4.8,349.0
2022-06-07,64.4,1017.6,0,6.5,11.0
2022-06-08,64.4,1021.3,0,8.3,1.0
2022-06-09,69.62,1016.8,0,5.1,331.0
2022-06-10,74.84,1017.8,0,5.2,328.0
2022-06-11,83.30000000000001,1014.1,0,10.0,273.0
2022-06-12,77.72,1010.8,0,7.1,197.0
2022-06-13,82.03999999999999,1004.1,0,8.5,346.0
2022-06-14,68.53999999999999,1010.6,0,7.5,87.0
2022-06-15,72.5,1015.8,0,14.9,238.0
2022-06-16,74.48,1020.7,0,6.2,349.0
2022-06-17,76.64,1018.1,0,8.2,334.0
2022-06-18,77.0,1014.9,0,5.5,80.0
2022-06-19,76.64,1014.5,0,7.6,205.0
2022-06-20,75.2,1016.4,0,12.7,307.0
2022-06-21,68.72,1026.2,0,8.8,95.0
2022-06-22,68.36,1024.0,0,1.1,10.0
2022-06-23,75.74000000000001,1017.3,0,6.7,328.0
2022-06-24,74.12,1017.3,0,7.0,210.0
2022-06-25,64.4,1027.0,0,6.0,0.0
2022-06-26,60.26,1030.8,0,8.0,5.0
2022-06-27,68.0,1026.7,0,5.9,349.0
2022-06-28,74.66,1023.8,0,5.9,349.0
2022-06-29,77.53999999999999,1021.3,0,8.2,348.0
2022-06-30,71.96000000000001,1021.3,0,11.8,184.0
2022-07-01,68.53999999999999,1021.8,0,5.5,43.0
2022-07-02,72.14,1020.0,0,5.3,357.0
2022-07-03,74.66,1016.8,0,7.3,353.0
2022-07-04,77.53999999999999,1016.8,0,9.7,247.0
2022-07-05,75.2,1018.2,0,9.0,301.0
2022-07-06,69.44,1020.8,0,9.2,353.0
2022-07-07,71.24000000000001,1021.8,0,2.9,7.0
2022-07-08,75.74000000000001,1025.0,0,5.1,16.0
2022-07-09,82.75999999999999,1024.3,0,4.0,30.0
2022-07-10,83.48,1022.3,0,8.3,324.0
2022-07-11,69.44,1024.8,0,4.9,15.0
2022-07-12,74.12,1021.9,0,5.2,23.0
2022-07-13,77.9,1021.0,0,8.9,127.0
2022-07-14,81.68,1022.5,0,13.3,242.0
2022-07-15,78.44,1023.8,0,7.3,342.0
2022-07-16,78.44,1022.5,0,10.6,300.0
2022-07-17,81.5,1021.8,0,6.7,35.0
2022-07-18,83.30000000000001,1018.6,0,10.6,228.0
2022-07-19,86.0,1018.6,0,11.5,256.0
2022-07-20,77.53999999999999,1021.3,0,7.8,353.0
2022-07-21,84.07,1023,clear sky,9.22,320
2022-07-21,91.4,1019.0,Sunny,9.4,320
2022-07-22,77.74,1019,clear sky,4.61,160
2022-07-22,80.6,1022.0,Partly cloudy,5.6,190
2022-07-23,84.6,1017,clear sky,8.99,235
2022-07-23,86.0,1017.0,Sunny,2.2,10
2022-07-24,66.34,1022,haze,8.05,70
2022-07-24,71.6,1024.0,Mist,6.9,60
2022-07-25,71.94,1022,clear sky,3.44,130
2022-07-25,73.4,1021.0,Sunny,4.3,50
2022-07-26,60.76,1014,haze,1.01,285
2022-07-26,60.1,1013.0,Sunny,6.5,283
2022-07-27,70.5,1022,haze,8.05,360
2022-07-27,71.6,1021.0,Sunny,8.1,360
2022-07-28,61.27,1024,overcast clouds,5.75,160
2022-07-28,66.2,1026.0,Overcast,2.2,10
2022-07-29,59.38,1023,broken clouds,3.44,360
2022-07-29,64.4,1024.0,Partly cloudy,3.8,360
2022-07-30,74.14,1022,clear sky,5.01,40
2022-07-30,77.0,1022.0,Sunny,4.3,80
2022-07-31,75.29,1021,clear sky,5.75,100
2022-07-31,80.6,1023.0,Sunny,3.8,70
2022-08-01,75.92,1021,clear sky,3.44,200
2022-08-01,78.8,1022.0,Sunny,2.2,10
2022-08-02,80.44,1016,clear sky,3.44,140
2022-08-02,86.0,1018.0,Sunny,3.8,140
2022-08-03,74.88,1021,scattered clouds,5.75,130
2022-08-03,82.4,1022.0,Partly cloudy,4.3,140
2022-08-04,81.95,1018,clear sky,5.01,23
2022-08-04,87.8,1021.0,Sunny,2.2,10
2022-08-05,83.46,1015,clear sky,8.99,60
2022-08-05,89.6,1018.0,Sunny,4.3,140
2022-08-06,75.74,1018,clear sky,4.61,60
2022-08-06,80.6,1021.0,Sunny,4.3,60
2022-08-07,74.95,1022,clear sky,8.05,100
2022-08-07,80.6,1024.0,Sunny,5.6,70
2022-08-08,69.6,1024,clear sky,3,96
2022-08-08,71.6,1025.0,Sunny,2.2,10
2022-08-09,76.62,1023,clear sky,7,91
2022-08-09,80.6,1024.0,Sunny,2.2,10
